name,2020,2021,2022,2023,2024,2025,2026,2027,2028,2029,2030,2031,2032,2033,2034,2035,2036,2037,2038,2039,2040,2041,2042,2043,2044,2045,2046,2047,2048,2049,2050,2051,2052,2053,2054,2055,2056,2057,2058,2059,2060,2061,2062,2063,2064,2065,2066,2067,2068,2069,2070,2071,2072,2073,2074,2075,2076,2077,2078,2079,2080,2081,2082,2083,2084,2085,2086,2087,2088,2089,2090,2091,2092,2093,2094,2095,2096,2097,2098,2099,2100
Afghanistan,63.39,63.98,64.3,64.6,64.89,65.17,65.44,65.7,65.95,66.18,66.42,66.64,66.86,67.07,67.28,67.48,67.68,67.87,68.05,68.23,68.41,68.59,68.75,68.92,69.08,69.24,69.39,69.55,69.7,69.85,70,70.15,70.29,70.44,70.58,70.72,70.86,71,71.13,71.27,71.4,71.54,71.68,71.81,71.95,72.08,72.22,72.35,72.48,72.61,72.74,72.88,73.01,73.14,73.28,73.41,73.55,73.68,73.82,73.95,74.08,74.22,74.35,74.49,74.62,74.75,74.89,75.02,75.16,75.29,75.42,75.55,75.69,75.82,75.95,76.09,76.22,76.36,76.5,76.64,76.77
Albania,77.9,78.73,78.84,78.96,79.09,79.23,79.37,79.53,79.69,79.85,80.02,80.18,80.34,80.5,80.65,80.79,80.93,81.06,81.2,81.34,81.47,81.61,81.75,81.89,82.02,82.16,82.3,82.44,82.58,82.72,82.85,82.99,83.12,83.26,83.39,83.52,83.65,83.77,83.9,84.02,84.14,84.26,84.38,84.49,84.61,84.72,84.83,84.94,85.05,85.16,85.27,85.37,85.47,85.58,85.68,85.78,85.88,85.98,86.08,86.19,86.29,86.39,86.49,86.6,86.7,86.8,86.9,87,87.11,87.21,87.31,87.42,87.52,87.62,87.73,87.83,87.94,88.04,88.15,88.25,88.36
Algeria,76.2,76.56,76.74,76.91,77.09,77.26,77.43,77.6,77.77,77.94,78.11,78.27,78.44,78.6,78.76,78.92,79.08,79.24,79.39,79.55,79.71,79.86,80.01,80.17,80.32,80.47,80.62,80.77,80.92,81.07,81.21,81.36,81.5,81.65,81.79,81.93,82.07,82.2,82.34,82.47,82.61,82.74,82.87,83,83.12,83.25,83.37,83.49,83.62,83.74,83.85,83.97,84.09,84.2,84.31,84.42,84.53,84.64,84.74,84.84,84.95,85.05,85.15,85.25,85.35,85.46,85.56,85.66,85.77,85.87,85.98,86.08,86.19,86.29,86.39,86.5,86.6,86.7,86.8,86.9,87
Andorra,,,,,,,,,,,,,,,,,,,,,,,,,,,,,,,,,,,,,,,,,,,,,,,,,,,,,,,,,,,,,,,,,,,,,,,,,,,,,,,,,
Angola,65.2,65.78,66.11,66.43,66.75,67.07,67.39,67.71,68.02,68.31,68.61,68.89,69.16,69.43,69.7,69.96,70.21,70.45,70.69,70.92,71.14,71.36,71.57,71.77,71.98,72.17,72.36,72.55,72.74,72.92,73.09,73.27,73.44,73.6,73.77,73.93,74.09,74.24,74.4,74.55,74.7,74.85,74.99,75.13,75.28,75.41,75.55,75.69,75.83,75.96,76.1,76.23,76.37,76.5,76.64,76.77,76.9,77.03,77.16,77.29,77.42,77.54,77.67,77.8,77.93,78.05,78.18,78.31,78.44,78.57,78.7,78.83,78.96,79.09,79.22,79.35,79.48,79.61,79.74,79.88,80.01
Antigua and Barbuda,76.25,76.55,76.67,76.8,76.93,77.06,77.19,77.32,77.44,77.57,77.7,77.83,77.96,78.08,78.21,78.34,78.46,78.59,78.72,78.84,78.97,79.09,79.22,79.34,79.47,79.59,79.72,79.84,79.97,80.1,80.22,80.35,80.48,80.6,80.73,80.85,80.98,81.1,81.23,81.35,81.48,81.6,81.72,81.85,81.97,82.09,82.22,82.34,82.46,82.58,82.7,82.82,82.94,83.05,83.17,83.28,83.4,83.51,83.62,83.73,83.84,83.95,84.06,84.16,84.27,84.37,84.48,84.58,84.68,84.78,84.88,84.98,85.08,85.18,85.28,85.38,85.47,85.57,85.67,85.77,85.86
Argentina,74.61,76.87,77.01,77.16,77.3,77.45,77.6,77.75,77.9,78.04,78.19,78.34,78.49,78.64,78.78,78.93,79.08,79.23,79.37,79.52,79.67,79.82,79.96,80.11,80.26,80.41,80.56,80.7,80.85,81,81.15,81.29,81.44,81.59,81.73,81.87,82.02,82.16,82.3,82.44,82.58,82.71,82.85,82.98,83.11,83.24,83.36,83.49,83.61,83.74,83.86,83.98,84.1,84.22,84.34,84.45,84.57,84.68,84.8,84.91,85.02,85.14,85.25,85.36,85.47,85.58,85.69,85.8,85.91,86.02,86.13,86.23,86.34,86.45,86.55,86.66,86.77,86.87,86.98,87.08,87.19
Armenia,73.99,76.01,76.14,76.28,76.41,76.55,76.69,76.83,76.97,77.1,77.24,77.38,77.52,77.65,77.79,77.92,78.06,78.19,78.32,78.46,78.59,78.73,78.86,78.99,79.13,79.26,79.39,79.52,79.66,79.79,79.92,80.05,80.19,80.32,80.46,80.59,80.73,80.86,81,81.13,81.27,81.4,81.54,81.67,81.81,81.94,82.07,82.21,82.34,82.47,82.6,82.74,82.87,83,83.13,83.25,83.38,83.51,83.63,83.76,83.88,84,84.13,84.25,84.37,84.49,84.61,84.72,84.84,84.95,85.07,85.18,85.29,85.4,85.51,85.63,85.74,85.85,85.96,86.07,86.18
Australia,82.91,83.19,83.32,83.46,83.58,83.71,83.83,83.95,84.07,84.19,84.32,84.44,84.56,84.68,84.8,84.92,85.04,85.15,85.27,85.39,85.5,85.62,85.73,85.85,85.96,86.08,86.19,86.3,86.42,86.53,86.64,86.76,86.87,86.98,87.09,87.21,87.32,87.43,87.55,87.66,87.77,87.88,88,88.11,88.22,88.34,88.45,88.57,88.68,88.79,88.91,89.02,89.13,89.24,89.35,89.47,89.58,89.69,89.8,89.91,90.02,90.13,90.24,90.35,90.47,90.58,90.7,90.81,90.92,91.03,91.14,91.25,91.36,91.47,91.58,91.69,91.8,91.91,92.02,92.13,92.25
Austria,81.47,82.44,82.59,82.75,82.91,83.07,83.24,83.4,83.57,83.74,83.9,84.06,84.22,84.37,84.51,84.65,84.78,84.9,85.03,85.15,85.27,85.39,85.51,85.63,85.75,85.87,85.99,86.11,86.22,86.34,86.45,86.57,86.68,86.8,86.91,87.02,87.13,87.25,87.36,87.47,87.58,87.69,87.81,87.92,88.03,88.14,88.25,88.37,88.48,88.59,88.7,88.81,88.92,89.03,89.14,89.25,89.36,89.47,89.58,89.69,89.8,89.91,90.02,90.13,90.24,90.35,90.46,90.57,90.68,90.79,90.9,91.01,91.12,91.23,91.34,91.45,91.56,91.67,91.78,91.89,92
Azerbaijan,70.37,71.21,71.3,71.39,71.48,71.57,71.68,71.78,71.89,72,72.11,72.21,72.32,72.43,72.55,72.66,72.77,72.89,73,73.12,73.23,73.35,73.46,73.58,73.69,73.81,73.92,74.04,74.16,74.27,74.39,74.51,74.62,74.74,74.86,74.98,75.1,75.22,75.34,75.46,75.58,75.7,75.82,75.94,76.07,76.19,76.32,76.44,76.57,76.69,76.82,76.94,77.07,77.2,77.33,77.45,77.58,77.71,77.85,77.98,78.11,78.25,78.38,78.52,78.66,78.79,78.93,79.06,79.2,79.33,79.47,79.6,79.74,79.87,80,80.14,80.27,80.4,80.53,80.66,80.79
Bahamas,72.3,73.6,73.7,73.8,73.9,74,74.11,74.23,74.34,74.46,74.57,74.68,74.8,74.91,75.02,75.14,75.25,75.37,75.48,75.6,75.72,75.83,75.95,76.07,76.18,76.3,76.42,76.54,76.65,76.77,76.89,77.01,77.13,77.25,77.37,77.49,77.61,77.74,77.86,77.98,78.1,78.22,78.35,78.47,78.59,78.72,78.85,78.97,79.1,79.23,79.35,79.48,79.61,79.74,79.87,80,80.13,80.26,80.39,80.52,80.65,80.78,80.91,81.04,81.17,81.3,81.42,81.55,81.68,81.8,81.93,82.06,82.18,82.3,82.43,82.55,82.67,82.79,82.9,83.02,83.14
Bahrain,76.34,77.29,77.41,77.53,77.66,77.78,77.91,78.04,78.16,78.28,78.41,78.53,78.65,78.78,78.9,79.03,79.16,79.28,79.41,79.54,79.66,79.79,79.92,80.05,80.18,80.3,80.43,80.56,80.69,80.82,80.95,81.07,81.2,81.33,81.45,81.58,81.7,81.82,81.94,82.07,82.19,82.31,82.43,82.55,82.67,82.79,82.91,83.02,83.14,83.26,83.37,83.49,83.6,83.71,83.82,83.93,84.04,84.15,84.25,84.35,84.46,84.56,84.66,84.76,84.85,84.95,85.04,85.14,85.23,85.32,85.41,85.5,85.59,85.68,85.77,85.87,85.96,86.06,86.16,86.26,86.36
Bangladesh,74.68,75.12,75.41,75.69,75.96,76.22,76.48,76.73,76.97,77.21,77.44,77.67,77.89,78.11,78.33,78.54,78.75,78.96,79.17,79.37,79.57,79.77,79.97,80.16,80.36,80.55,80.73,80.92,81.11,81.29,81.48,81.66,81.84,82.02,82.2,82.38,82.56,82.73,82.91,83.07,83.24,83.41,83.58,83.74,83.91,84.07,84.23,84.4,84.56,84.72,84.87,85.03,85.18,85.33,85.49,85.63,85.78,85.93,86.07,86.21,86.34,86.47,86.6,86.73,86.86,86.98,87.1,87.22,87.34,87.46,87.58,87.69,87.8,87.92,88.03,88.14,88.25,88.36,88.46,88.57,88.68
Barbados,76.21,76.43,76.56,76.68,76.82,76.95,77.09,77.23,77.38,77.52,77.67,77.82,77.96,78.1,78.24,78.38,78.51,78.64,78.78,78.91,79.04,79.17,79.3,79.43,79.56,79.69,79.81,79.94,80.06,80.19,80.31,80.44,80.56,80.68,80.8,80.91,81.03,81.14,81.25,81.36,81.47,81.58,81.69,81.79,81.89,82,82.1,82.2,82.29,82.39,82.48,82.58,82.68,82.77,82.87,82.97,83.06,83.16,83.26,83.35,83.45,83.54,83.64,83.73,83.83,83.93,84.03,84.12,84.22,84.32,84.42,84.51,84.61,84.71,84.81,84.9,85,85.1,85.19,85.29,85.38
Belarus,73.46,74.3,74.42,74.53,74.65,74.77,74.91,75.05,75.19,75.33,75.47,75.61,75.75,75.89,76.03,76.16,76.3,76.44,76.58,76.72,76.85,76.99,77.13,77.27,77.41,77.55,77.69,77.83,77.98,78.12,78.26,78.4,78.54,78.68,78.82,78.97,79.11,79.25,79.39,79.53,79.67,79.81,79.94,80.08,80.21,80.35,80.48,80.61,80.73,80.86,80.98,81.11,81.23,81.35,81.47,81.59,81.71,81.83,81.94,82.06,82.17,82.28,82.39,82.5,82.61,82.72,82.83,82.93,83.04,83.15,83.25,83.36,83.47,83.57,83.67,83.77,83.88,83.98,84.07,84.17,84.27
Belgium,80.2,81.72,81.87,82.03,82.18,82.34,82.49,82.64,82.8,82.95,83.1,83.24,83.38,83.52,83.65,83.78,83.91,84.04,84.16,84.28,84.41,84.53,84.65,84.77,84.89,85.01,85.13,85.25,85.36,85.47,85.59,85.7,85.81,85.92,86.04,86.15,86.26,86.37,86.48,86.59,86.7,86.81,86.92,87.03,87.15,87.26,87.37,87.48,87.59,87.69,87.8,87.91,88.02,88.13,88.23,88.34,88.45,88.56,88.67,88.78,88.89,89,89.11,89.22,89.33,89.44,89.54,89.65,89.76,89.87,89.98,90.09,90.19,90.3,90.41,90.52,90.63,90.74,90.84,90.95,91.06
Belize,72.12,74.73,74.87,75.01,75.15,75.29,75.44,75.59,75.73,75.88,76.02,76.17,76.31,76.46,76.6,76.75,76.9,77.04,77.19,77.33,77.48,77.62,77.77,77.91,78.06,78.2,78.34,78.49,78.63,78.78,78.92,79.07,79.21,79.36,79.5,79.64,79.79,79.93,80.08,80.23,80.37,80.52,80.67,80.81,80.95,81.1,81.24,81.38,81.53,81.67,81.81,81.95,82.09,82.23,82.36,82.49,82.63,82.76,82.89,83.02,83.15,83.27,83.4,83.53,83.65,83.77,83.89,84.01,84.12,84.24,84.35,84.46,84.58,84.69,84.8,84.91,85.02,85.13,85.24,85.35,85.46
Benin,64.63,65.13,65.45,65.75,66.05,66.33,66.6,66.86,67.12,67.36,67.6,67.83,68.06,68.27,68.49,68.69,68.89,69.09,69.28,69.46,69.64,69.82,70,70.17,70.35,70.52,70.69,70.85,71.02,71.18,71.33,71.48,71.63,71.78,71.93,72.07,72.22,72.36,72.49,72.63,72.77,72.9,73.04,73.17,73.31,73.44,73.58,73.71,73.84,73.97,74.1,74.23,74.36,74.48,74.61,74.73,74.86,74.98,75.1,75.23,75.35,75.47,75.59,75.72,75.84,75.96,76.08,76.2,76.33,76.45,76.58,76.7,76.83,76.95,77.08,77.21,77.34,77.47,77.6,77.73,77.86
Bhutan,73.33,73.77,74.06,74.32,74.58,74.83,75.07,75.3,75.53,75.74,75.96,76.16,76.37,76.57,76.76,76.95,77.14,77.33,77.51,77.68,77.86,78.03,78.2,78.37,78.53,78.7,78.86,79.02,79.18,79.34,79.49,79.65,79.8,79.96,80.11,80.25,80.4,80.55,80.7,80.85,81,81.14,81.29,81.44,81.59,81.73,81.88,82.02,82.16,82.3,82.45,82.59,82.72,82.86,83,83.14,83.28,83.41,83.55,83.69,83.83,83.96,84.1,84.23,84.36,84.49,84.62,84.74,84.87,84.99,85.11,85.23,85.35,85.47,85.59,85.71,85.83,85.95,86.06,86.18,86.3
Bolivia,69.83,72.52,72.76,72.99,73.21,73.44,73.66,73.87,74.09,74.29,74.5,74.69,74.89,75.08,75.27,75.46,75.65,75.83,76.01,76.19,76.36,76.54,76.71,76.88,77.05,77.22,77.39,77.55,77.71,77.88,78.04,78.2,78.36,78.52,78.68,78.83,78.99,79.14,79.3,79.45,79.6,79.75,79.91,80.06,80.21,80.36,80.5,80.65,80.8,80.95,81.1,81.25,81.4,81.55,81.69,81.84,81.99,82.14,82.28,82.42,82.57,82.71,82.85,82.99,83.12,83.26,83.39,83.52,83.65,83.77,83.9,84.02,84.14,84.26,84.38,84.49,84.61,84.72,84.84,84.95,85.06
Bosnia and Herzegovina,75.36,77.25,77.4,77.56,77.71,77.86,78.01,78.16,78.31,78.45,78.6,78.75,78.9,79.05,79.19,79.34,79.49,79.64,79.78,79.93,80.08,80.23,80.38,80.53,80.67,80.82,80.97,81.11,81.26,81.41,81.55,81.7,81.84,81.99,82.13,82.27,82.41,82.55,82.68,82.82,82.95,83.09,83.22,83.35,83.47,83.6,83.72,83.84,83.96,84.08,84.2,84.31,84.42,84.54,84.65,84.76,84.87,84.97,85.08,85.19,85.29,85.39,85.5,85.6,85.7,85.81,85.91,86.01,86.12,86.22,86.32,86.43,86.53,86.64,86.74,86.84,86.94,87.05,87.15,87.25,87.35
Botswana,61.65,62.53,62.6,62.66,62.73,62.82,62.93,63.06,63.18,63.3,63.42,63.54,63.65,63.77,63.88,63.99,64.1,64.21,64.32,64.43,64.55,64.66,64.77,64.88,64.99,65.1,65.21,65.32,65.43,65.54,65.65,65.76,65.88,65.99,66.1,66.21,66.32,66.43,66.54,66.66,66.77,66.89,67,67.12,67.23,67.34,67.45,67.57,67.68,67.79,67.9,68.02,68.14,68.25,68.37,68.49,68.61,68.73,68.85,68.97,69.09,69.21,69.33,69.45,69.57,69.7,69.82,69.94,70.07,70.19,70.32,70.45,70.57,70.7,70.82,70.95,71.08,71.21,71.33,71.46,71.59
Brazil,73.58,76.25,76.44,76.64,76.83,77.02,77.22,77.41,77.61,77.8,77.99,78.18,78.37,78.56,78.75,78.93,79.11,79.3,79.48,79.66,79.84,80.03,80.21,80.39,80.57,80.75,80.92,81.1,81.28,81.45,81.62,81.79,81.95,82.12,82.28,82.44,82.59,82.74,82.89,83.04,83.18,83.32,83.46,83.59,83.73,83.86,84,84.13,84.25,84.38,84.51,84.63,84.75,84.87,84.99,85.11,85.23,85.35,85.47,85.59,85.71,85.82,85.94,86.05,86.17,86.28,86.39,86.5,86.61,86.72,86.83,86.94,87.05,87.16,87.27,87.38,87.5,87.61,87.72,87.84,87.95
Brunei,74.43,74.63,74.76,74.9,75.03,75.17,75.3,75.44,75.57,75.7,75.84,75.97,76.1,76.23,76.36,76.49,76.62,76.75,76.88,77.01,77.14,77.27,77.4,77.53,77.66,77.78,77.91,78.04,78.17,78.3,78.43,78.56,78.69,78.82,78.95,79.08,79.21,79.34,79.47,79.6,79.73,79.85,79.98,80.11,80.24,80.37,80.49,80.62,80.75,80.88,81.01,81.13,81.26,81.38,81.51,81.63,81.75,81.87,81.98,82.1,82.21,82.33,82.44,82.55,82.66,82.77,82.88,82.99,83.1,83.2,83.31,83.41,83.51,83.61,83.71,83.81,83.91,84.01,84.1,84.2,84.29
Bulgaria,71.85,73.59,73.72,73.85,73.98,74.1,74.23,74.36,74.48,74.61,74.73,74.86,74.98,75.11,75.24,75.36,75.49,75.62,75.74,75.87,76,76.13,76.26,76.39,76.52,76.65,76.78,76.91,77.04,77.17,77.31,77.44,77.57,77.7,77.83,77.97,78.1,78.23,78.36,78.49,78.63,78.76,78.89,79.02,79.15,79.28,79.42,79.55,79.68,79.81,79.93,80.06,80.19,80.31,80.44,80.56,80.68,80.8,80.92,81.04,81.16,81.27,81.38,81.5,81.61,81.72,81.83,81.93,82.04,82.15,82.25,82.36,82.46,82.56,82.66,82.76,82.86,82.96,83.06,83.16,83.25
Burkina Faso,61.81,62.48,62.88,63.27,63.65,64.02,64.38,64.73,65.07,65.39,65.71,66.02,66.31,66.6,66.88,67.14,67.41,67.66,67.9,68.14,68.37,68.6,68.81,69.02,69.23,69.43,69.62,69.81,69.99,70.17,70.35,70.52,70.69,70.86,71.02,71.18,71.34,71.5,71.65,71.81,71.96,72.11,72.26,72.4,72.54,72.68,72.82,72.96,73.09,73.23,73.37,73.51,73.65,73.79,73.92,74.06,74.19,74.32,74.45,74.58,74.71,74.84,74.97,75.1,75.24,75.37,75.5,75.63,75.76,75.89,76.03,76.16,76.29,76.42,76.56,76.69,76.82,76.95,77.08,77.2,77.33
Burundi,63.96,64.52,64.86,65.19,65.52,65.84,66.17,66.48,66.79,67.1,67.4,67.69,67.98,68.25,68.53,68.79,69.06,69.31,69.57,69.81,70.06,70.3,70.53,70.76,70.99,71.21,71.42,71.63,71.84,72.04,72.24,72.43,72.62,72.81,72.99,73.17,73.35,73.52,73.7,73.87,74.04,74.21,74.38,74.54,74.7,74.86,75.02,75.17,75.33,75.48,75.64,75.79,75.95,76.1,76.25,76.4,76.55,76.7,76.85,77,77.15,77.3,77.45,77.6,77.74,77.89,78.04,78.19,78.33,78.48,78.63,78.77,78.92,79.06,79.21,79.36,79.51,79.66,79.81,79.96,80.11
Cambodia,70.02,70.35,70.55,70.75,70.94,71.13,71.32,71.51,71.69,71.87,72.05,72.22,72.39,72.56,72.73,72.9,73.06,73.22,73.38,73.53,73.68,73.83,73.98,74.13,74.28,74.42,74.57,74.71,74.86,75,75.14,75.29,75.43,75.57,75.71,75.85,75.99,76.12,76.26,76.4,76.54,76.68,76.81,76.95,77.09,77.22,77.36,77.5,77.63,77.77,77.9,78.04,78.18,78.32,78.46,78.59,78.73,78.87,79.01,79.14,79.28,79.42,79.56,79.69,79.83,79.97,80.11,80.24,80.38,80.52,80.65,80.79,80.92,81.06,81.19,81.32,81.46,81.59,81.72,81.85,81.98
Cameroon,63.46,64.03,64.34,64.64,64.94,65.24,65.55,65.85,66.15,66.44,66.72,67,67.28,67.55,67.82,68.09,68.34,68.6,68.84,69.09,69.32,69.55,69.78,70,70.22,70.44,70.65,70.86,71.06,71.26,71.45,71.64,71.83,72.02,72.2,72.38,72.56,72.74,72.91,73.08,73.25,73.41,73.58,73.74,73.9,74.05,74.21,74.36,74.51,74.67,74.82,74.96,75.11,75.26,75.4,75.54,75.68,75.82,75.96,76.09,76.23,76.36,76.49,76.62,76.76,76.89,77.03,77.16,77.3,77.43,77.57,77.71,77.84,77.98,78.11,78.24,78.37,78.5,78.63,78.75,78.88
Canada,81.49,82.46,82.62,82.78,82.93,83.09,83.24,83.39,83.53,83.68,83.82,83.96,84.09,84.22,84.35,84.47,84.6,84.72,84.84,84.96,85.07,85.19,85.31,85.42,85.54,85.65,85.76,85.87,85.99,86.1,86.21,86.32,86.43,86.54,86.65,86.76,86.86,86.97,87.08,87.19,87.3,87.41,87.52,87.63,87.73,87.84,87.95,88.06,88.17,88.27,88.38,88.49,88.59,88.7,88.81,88.91,89.02,89.13,89.24,89.34,89.45,89.56,89.66,89.77,89.88,89.98,90.09,90.19,90.3,90.41,90.51,90.62,90.72,90.83,90.94,91.04,91.15,91.26,91.37,91.48,91.59
Cape Verde,73.08,74.11,74.28,74.44,74.61,74.78,74.94,75.11,75.27,75.44,75.6,75.76,75.92,76.08,76.24,76.4,76.55,76.71,76.87,77.03,77.18,77.34,77.5,77.65,77.81,77.97,78.13,78.29,78.44,78.6,78.76,78.92,79.08,79.24,79.39,79.55,79.71,79.87,80.03,80.19,80.35,80.51,80.67,80.83,80.99,81.16,81.32,81.48,81.64,81.8,81.96,82.12,82.28,82.43,82.59,82.74,82.9,83.05,83.2,83.34,83.48,83.63,83.76,83.9,84.03,84.16,84.3,84.42,84.55,84.68,84.81,84.93,85.05,85.18,85.3,85.42,85.54,85.66,85.77,85.89,86
Central African Republic,52.42,53.06,53.35,53.63,53.92,54.21,54.52,54.82,55.12,55.42,55.71,56,56.28,56.56,56.83,57.1,57.37,57.63,57.88,58.13,58.38,58.62,58.86,59.09,59.31,59.53,59.74,59.95,60.16,60.36,60.56,60.76,60.95,61.13,61.32,61.5,61.67,61.85,62.02,62.19,62.35,62.51,62.67,62.83,62.98,63.14,63.28,63.43,63.57,63.71,63.85,63.98,64.11,64.25,64.38,64.51,64.64,64.77,64.9,65.03,65.15,65.28,65.4,65.52,65.63,65.75,65.87,65.98,66.09,66.21,66.32,66.43,66.54,66.65,66.76,66.87,66.98,67.09,67.2,67.3,67.41
Chad,60.52,60.98,61.28,61.58,61.88,62.18,62.48,62.77,63.07,63.37,63.66,63.95,64.24,64.53,64.81,65.09,65.37,65.65,65.92,66.19,66.46,66.72,66.99,67.25,67.51,67.76,68.02,68.27,68.51,68.75,68.99,69.22,69.46,69.69,69.92,70.14,70.37,70.59,70.8,71.01,71.22,71.42,71.62,71.82,72.01,72.21,72.39,72.58,72.77,72.95,73.13,73.31,73.48,73.66,73.82,73.99,74.15,74.31,74.47,74.63,74.78,74.94,75.09,75.24,75.39,75.54,75.69,75.83,75.98,76.13,76.27,76.41,76.55,76.69,76.83,76.96,77.09,77.23,77.36,77.48,77.61
Chile,79.1,80.46,80.63,80.79,80.97,81.15,81.33,81.53,81.73,81.93,82.14,82.34,82.54,82.73,82.91,83.08,83.24,83.4,83.55,83.7,83.84,83.99,84.13,84.27,84.4,84.54,84.67,84.8,84.93,85.05,85.18,85.3,85.42,85.54,85.66,85.78,85.9,86.01,86.13,86.24,86.36,86.47,86.59,86.7,86.81,86.93,87.04,87.15,87.26,87.37,87.48,87.59,87.7,87.81,87.92,88.03,88.14,88.25,88.36,88.47,88.58,88.69,88.8,88.91,89.01,89.12,89.23,89.34,89.44,89.55,89.66,89.77,89.87,89.98,90.09,90.19,90.3,90.41,90.52,90.62,90.73
China,77.67,77.95,78.11,78.26,78.42,78.59,78.75,78.92,79.09,79.26,79.42,79.59,79.75,79.91,80.08,80.24,80.4,80.56,80.73,80.89,81.05,81.21,81.37,81.53,81.69,81.85,82,82.16,82.32,82.47,82.63,82.78,82.93,83.08,83.23,83.39,83.53,83.68,83.83,83.97,84.12,84.26,84.4,84.53,84.67,84.8,84.92,85.05,85.18,85.3,85.42,85.54,85.66,85.77,85.89,86,86.11,86.22,86.33,86.44,86.54,86.65,86.75,86.85,86.96,87.06,87.17,87.27,87.38,87.48,87.59,87.69,87.8,87.9,88.01,88.12,88.22,88.33,88.44,88.54,88.65
Colombia,77.79,80.55,80.72,80.89,81.07,81.24,81.42,81.59,81.77,81.94,82.11,82.29,82.46,82.63,82.8,82.97,83.14,83.31,83.48,83.65,83.82,83.99,84.16,84.32,84.49,84.65,84.82,84.99,85.15,85.31,85.48,85.64,85.8,85.96,86.11,86.26,86.41,86.56,86.71,86.85,86.99,87.12,87.26,87.39,87.52,87.65,87.78,87.9,88.03,88.15,88.27,88.39,88.51,88.63,88.75,88.86,88.98,89.09,89.21,89.32,89.43,89.54,89.65,89.77,89.88,89.99,90.1,90.21,90.33,90.44,90.55,90.66,90.77,90.88,91,91.11,91.22,91.32,91.43,91.54,91.65
Comoros,68.81,69.16,69.38,69.59,69.79,69.99,70.19,70.38,70.57,70.75,70.93,71.11,71.28,71.45,71.62,71.78,71.95,72.11,72.27,72.42,72.57,72.73,72.87,73.02,73.17,73.31,73.46,73.6,73.74,73.88,74.02,74.15,74.29,74.42,74.55,74.68,74.81,74.94,75.07,75.2,75.32,75.45,75.57,75.69,75.82,75.94,76.06,76.18,76.3,76.42,76.55,76.67,76.79,76.92,77.04,77.16,77.28,77.4,77.52,77.65,77.77,77.89,78.01,78.13,78.26,78.38,78.5,78.63,78.75,78.88,79.01,79.14,79.26,79.39,79.52,79.64,79.77,79.89,80.01,80.14,80.26
"Congo, Dem. Rep.",65.15,65.65,65.93,66.2,66.47,66.75,67.02,67.29,67.56,67.82,68.08,68.33,68.58,68.83,69.06,69.3,69.53,69.75,69.97,70.19,70.4,70.61,70.81,71.02,71.21,71.41,71.6,71.79,71.97,72.15,72.33,72.51,72.68,72.85,73.01,73.18,73.33,73.49,73.65,73.8,73.95,74.1,74.25,74.39,74.54,74.68,74.82,74.96,75.1,75.23,75.36,75.49,75.63,75.76,75.89,76.02,76.15,76.28,76.41,76.53,76.66,76.78,76.9,77.03,77.15,77.27,77.39,77.52,77.64,77.76,77.88,78,78.12,78.24,78.36,78.48,78.6,78.72,78.84,78.96,79.08
"Congo, Rep.",65.44,65.87,66.06,66.23,66.41,66.59,66.77,66.96,67.14,67.32,67.49,67.66,67.83,67.99,68.16,68.32,68.47,68.63,68.78,68.93,69.08,69.23,69.37,69.51,69.65,69.79,69.92,70.06,70.19,70.33,70.46,70.59,70.72,70.85,70.98,71.11,71.23,71.35,71.47,71.6,71.72,71.84,71.96,72.08,72.19,72.31,72.43,72.55,72.66,72.78,72.89,73.01,73.13,73.24,73.36,73.48,73.6,73.71,73.83,73.95,74.07,74.19,74.31,74.42,74.54,74.66,74.78,74.9,75.02,75.14,75.27,75.39,75.51,75.64,75.76,75.88,76,76.12,76.24,76.36,76.47
Costa Rica,78.94,80.45,80.63,80.82,81.01,81.19,81.37,81.55,81.73,81.91,82.09,82.26,82.43,82.6,82.77,82.93,83.09,83.24,83.39,83.54,83.68,83.82,83.95,84.08,84.21,84.34,84.47,84.6,84.73,84.85,84.97,85.1,85.22,85.34,85.46,85.58,85.69,85.81,85.92,86.03,86.15,86.26,86.37,86.48,86.6,86.71,86.82,86.93,87.04,87.15,87.26,87.37,87.48,87.59,87.7,87.8,87.91,88.02,88.12,88.23,88.34,88.45,88.55,88.66,88.77,88.87,88.98,89.09,89.2,89.3,89.41,89.51,89.62,89.72,89.83,89.93,90.04,90.14,90.25,90.35,90.46
Cote d'Ivoire,64.41,64.93,65.23,65.51,65.78,66.05,66.32,66.58,66.84,67.08,67.33,67.56,67.79,68.02,68.23,68.45,68.66,68.86,69.06,69.26,69.45,69.64,69.83,70.01,70.19,70.37,70.55,70.72,70.89,71.07,71.24,71.41,71.57,71.73,71.89,72.05,72.2,72.35,72.5,72.65,72.8,72.95,73.1,73.24,73.39,73.53,73.68,73.82,73.96,74.1,74.24,74.38,74.52,74.66,74.79,74.93,75.07,75.21,75.34,75.48,75.61,75.75,75.88,76.02,76.15,76.28,76.41,76.54,76.67,76.8,76.93,77.07,77.2,77.33,77.47,77.6,77.73,77.86,77.99,78.12,78.25
Croatia,77.86,78.96,79.12,79.27,79.43,79.59,79.75,79.9,80.06,80.22,80.38,80.54,80.69,80.85,81.01,81.17,81.33,81.49,81.64,81.8,81.95,82.11,82.26,82.41,82.56,82.71,82.85,83,83.14,83.28,83.41,83.55,83.68,83.81,83.93,84.06,84.18,84.31,84.43,84.55,84.67,84.79,84.91,85.02,85.14,85.26,85.37,85.49,85.6,85.71,85.82,85.94,86.05,86.16,86.27,86.38,86.49,86.6,86.71,86.81,86.92,87.03,87.13,87.24,87.35,87.46,87.56,87.67,87.78,87.89,87.99,88.1,88.21,88.32,88.43,88.54,88.64,88.75,88.86,88.96,89.07
Cuba,78.7,78.86,78.98,79.1,79.24,79.39,79.56,79.73,79.93,80.13,80.33,80.54,80.73,80.91,81.09,81.24,81.39,81.53,81.68,81.82,81.96,82.1,82.25,82.39,82.54,82.68,82.82,82.97,83.11,83.24,83.38,83.51,83.65,83.77,83.9,84.02,84.15,84.27,84.39,84.5,84.62,84.73,84.85,84.96,85.07,85.18,85.28,85.39,85.49,85.6,85.7,85.81,85.91,86.01,86.11,86.22,86.32,86.42,86.52,86.62,86.72,86.83,86.93,87.03,87.13,87.23,87.33,87.43,87.53,87.63,87.74,87.83,87.94,88.04,88.14,88.24,88.34,88.44,88.55,88.65,88.76
Cyprus,80.81,81.11,81.26,81.42,81.57,81.72,81.87,82.03,82.18,82.33,82.48,82.64,82.79,82.94,83.09,83.23,83.38,83.52,83.66,83.79,83.92,84.05,84.18,84.3,84.43,84.55,84.67,84.79,84.9,85.02,85.13,85.25,85.36,85.47,85.58,85.69,85.8,85.91,86.01,86.12,86.23,86.34,86.45,86.55,86.66,86.77,86.88,86.98,87.09,87.19,87.3,87.4,87.5,87.61,87.71,87.82,87.92,88.03,88.13,88.24,88.34,88.45,88.55,88.66,88.76,88.87,88.97,89.08,89.19,89.3,89.4,89.51,89.62,89.73,89.84,89.95,90.05,90.16,90.26,90.37,90.47
Czech Republic,78.46,79.74,79.88,80.01,80.15,80.29,80.43,80.58,80.73,80.87,81.02,81.16,81.31,81.45,81.6,81.74,81.89,82.03,82.18,82.33,82.47,82.62,82.76,82.9,83.05,83.18,83.32,83.45,83.58,83.71,83.84,83.97,84.09,84.21,84.33,84.45,84.57,84.69,84.81,84.92,85.04,85.15,85.27,85.38,85.49,85.6,85.71,85.82,85.93,86.04,86.15,86.25,86.36,86.46,86.57,86.67,86.78,86.88,86.99,87.09,87.2,87.3,87.41,87.52,87.62,87.73,87.83,87.94,88.04,88.15,88.25,88.36,88.46,88.57,88.68,88.78,88.89,88.99,89.09,89.2,89.3
Denmark,81.23,81.4,81.55,81.7,81.85,82,82.15,82.3,82.45,82.59,82.74,82.89,83.04,83.18,83.33,83.47,83.62,83.76,83.9,84.04,84.17,84.3,84.43,84.55,84.68,84.8,84.92,85.04,85.16,85.27,85.39,85.5,85.62,85.73,85.84,85.95,86.06,86.17,86.28,86.39,86.49,86.6,86.7,86.81,86.92,87.02,87.13,87.24,87.34,87.45,87.56,87.66,87.77,87.88,87.98,88.09,88.19,88.3,88.41,88.51,88.62,88.73,88.84,88.94,89.05,89.15,89.26,89.37,89.47,89.58,89.69,89.8,89.9,90.01,90.12,90.23,90.33,90.44,90.54,90.64,90.75
Djibouti,66.84,67.45,67.65,67.82,68,68.2,68.42,68.65,68.87,69.09,69.3,69.51,69.71,69.91,70.1,70.29,70.47,70.65,70.83,71.01,71.18,71.35,71.52,71.68,71.84,72,72.16,72.32,72.48,72.64,72.79,72.95,73.1,73.25,73.4,73.55,73.7,73.85,74,74.15,74.3,74.45,74.6,74.75,74.9,75.04,75.19,75.34,75.48,75.63,75.78,75.93,76.07,76.22,76.37,76.51,76.66,76.81,76.95,77.1,77.25,77.39,77.54,77.69,77.84,77.99,78.14,78.29,78.44,78.59,78.73,78.88,79.03,79.18,79.33,79.47,79.62,79.76,79.91,80.05,80.19
Dominica,,,,,,,,,,,,,,,,,,,,,,,,,,,,,,,,,,,,,,,,,,,,,,,,,,,,,,,,,,,,,,,,,,,,,,,,,,,,,,,,,
Dominican Republic,72.66,73.52,73.68,73.84,74,74.16,74.32,74.48,74.64,74.8,74.96,75.12,75.28,75.44,75.6,75.75,75.91,76.07,76.22,76.38,76.53,76.69,76.84,77,77.15,77.31,77.46,77.62,77.78,77.93,78.09,78.24,78.39,78.55,78.7,78.85,79.01,79.16,79.31,79.47,79.62,79.77,79.93,80.08,80.23,80.38,80.53,80.68,80.83,80.97,81.12,81.26,81.41,81.55,81.69,81.83,81.97,82.1,82.24,82.37,82.5,82.63,82.75,82.88,83,83.12,83.24,83.35,83.47,83.58,83.69,83.81,83.92,84.03,84.14,84.25,84.36,84.47,84.58,84.69,84.8
Ecuador,73.88,76.78,76.98,77.17,77.37,77.56,77.75,77.94,78.13,78.32,78.51,78.69,78.87,79.06,79.24,79.42,79.6,79.78,79.95,80.13,80.31,80.48,80.66,80.83,81,81.17,81.34,81.51,81.68,81.84,82.01,82.17,82.32,82.48,82.63,82.78,82.92,83.07,83.21,83.34,83.48,83.61,83.74,83.87,84,84.12,84.25,84.37,84.49,84.6,84.72,84.84,84.95,85.06,85.18,85.29,85.4,85.51,85.62,85.73,85.84,85.94,86.05,86.16,86.27,86.38,86.49,86.6,86.71,86.81,86.92,87.02,87.13,87.24,87.34,87.45,87.56,87.66,87.77,87.88,87.99
Egypt,70.96,71.28,71.44,71.59,71.74,71.9,72.05,72.2,72.35,72.5,72.65,72.8,72.94,73.09,73.23,73.38,73.52,73.67,73.81,73.95,74.09,74.24,74.38,74.52,74.66,74.8,74.94,75.08,75.21,75.35,75.49,75.63,75.76,75.9,76.04,76.18,76.32,76.46,76.6,76.73,76.87,77.01,77.15,77.29,77.43,77.57,77.71,77.84,77.98,78.12,78.26,78.4,78.54,78.68,78.82,78.96,79.1,79.24,79.38,79.52,79.66,79.79,79.93,80.07,80.21,80.35,80.49,80.62,80.76,80.9,81.04,81.17,81.3,81.44,81.57,81.7,81.83,81.95,82.08,82.2,82.33
El Salvador,75.06,76.16,76.37,76.59,76.8,77.01,77.22,77.42,77.63,77.83,78.03,78.23,78.43,78.63,78.82,79.01,79.21,79.4,79.59,79.78,79.97,80.15,80.34,80.53,80.72,80.9,81.09,81.27,81.45,81.64,81.82,82,82.18,82.35,82.53,82.71,82.88,83.06,83.23,83.4,83.57,83.74,83.91,84.07,84.23,84.39,84.55,84.71,84.86,85.01,85.16,85.3,85.45,85.59,85.72,85.86,85.99,86.12,86.25,86.37,86.5,86.63,86.75,86.88,87,87.12,87.24,87.36,87.48,87.6,87.72,87.84,87.96,88.07,88.19,88.3,88.41,88.53,88.64,88.75,88.86
Equatorial Guinea,66.13,66.69,67.04,67.38,67.71,68.04,68.37,68.69,69,69.31,69.61,69.9,70.19,70.46,70.74,71.01,71.27,71.52,71.77,72.01,72.25,72.48,72.7,72.92,73.14,73.35,73.55,73.75,73.95,74.14,74.33,74.52,74.7,74.88,75.06,75.23,75.4,75.57,75.73,75.9,76.05,76.21,76.37,76.52,76.67,76.83,76.97,77.12,77.27,77.41,77.55,77.7,77.84,77.98,78.12,78.26,78.4,78.54,78.67,78.8,78.93,79.06,79.18,79.31,79.43,79.56,79.68,79.81,79.93,80.05,80.17,80.3,80.42,80.54,80.66,80.78,80.9,81.02,81.15,81.27,81.39
Eritrea,63.97,64.47,64.78,65.08,65.37,65.66,65.93,66.2,66.46,66.72,66.96,67.2,67.43,67.65,67.86,68.07,68.27,68.47,68.66,68.85,69.04,69.22,69.4,69.57,69.74,69.91,70.07,70.24,70.4,70.56,70.73,70.89,71.05,71.21,71.36,71.52,71.68,71.83,71.99,72.14,72.29,72.44,72.59,72.74,72.89,73.04,73.18,73.33,73.48,73.62,73.77,73.91,74.06,74.2,74.35,74.49,74.64,74.78,74.92,75.07,75.21,75.36,75.5,75.65,75.79,75.94,76.08,76.22,76.36,76.51,76.65,76.79,76.93,77.07,77.22,77.36,77.5,77.65,77.79,77.93,78.08
Estonia,77.65,78.33,78.46,78.58,78.71,78.85,78.99,79.14,79.29,79.44,79.59,79.74,79.89,80.04,80.18,80.33,80.47,80.62,80.76,80.9,81.03,81.17,81.3,81.43,81.56,81.68,81.81,81.93,82.05,82.17,82.29,82.41,82.52,82.64,82.75,82.87,82.98,83.1,83.21,83.33,83.44,83.55,83.67,83.78,83.89,84,84.11,84.22,84.33,84.44,84.54,84.65,84.76,84.87,84.98,85.09,85.2,85.31,85.42,85.52,85.63,85.74,85.85,85.95,86.06,86.16,86.27,86.38,86.48,86.59,86.69,86.8,86.9,87.01,87.11,87.22,87.32,87.42,87.52,87.62,87.72
Ethiopia,68.96,69.58,69.94,70.29,70.63,70.95,71.27,71.57,71.87,72.16,72.43,72.7,72.96,73.21,73.46,73.7,73.93,74.16,74.37,74.59,74.8,75,75.2,75.4,75.6,75.79,75.98,76.17,76.35,76.54,76.71,76.89,77.07,77.24,77.41,77.59,77.76,77.93,78.1,78.27,78.44,78.6,78.77,78.93,79.09,79.26,79.42,79.58,79.74,79.9,80.06,80.22,80.38,80.54,80.7,80.86,81.02,81.17,81.33,81.48,81.64,81.8,81.95,82.11,82.27,82.43,82.58,82.74,82.89,83.05,83.2,83.35,83.5,83.65,83.81,83.96,84.11,84.26,84.42,84.57,84.72
Fiji,68.44,68.63,68.77,68.91,69.05,69.2,69.35,69.51,69.67,69.84,70.01,70.17,70.33,70.48,70.63,70.76,70.9,71.02,71.15,71.28,71.4,71.53,71.65,71.78,71.91,72.03,72.15,72.28,72.4,72.52,72.64,72.76,72.89,73.01,73.13,73.25,73.37,73.49,73.62,73.74,73.86,73.98,74.11,74.23,74.35,74.47,74.6,74.72,74.85,74.98,75.1,75.23,75.36,75.48,75.61,75.74,75.87,76,76.13,76.26,76.39,76.52,76.65,76.78,76.92,77.05,77.19,77.32,77.46,77.6,77.73,77.87,78.01,78.14,78.28,78.42,78.56,78.7,78.83,78.97,79.11
Finland,81.97,82.2,82.36,82.52,82.67,82.82,82.97,83.11,83.25,83.39,83.52,83.65,83.77,83.9,84.02,84.14,84.26,84.38,84.5,84.62,84.74,84.86,84.97,85.09,85.21,85.33,85.44,85.56,85.68,85.8,85.91,86.03,86.14,86.26,86.37,86.48,86.59,86.71,86.82,86.93,87.04,87.15,87.26,87.37,87.49,87.6,87.71,87.82,87.93,88.04,88.15,88.26,88.37,88.48,88.59,88.7,88.81,88.92,89.03,89.14,89.25,89.36,89.47,89.58,89.69,89.81,89.92,90.03,90.13,90.24,90.35,90.46,90.57,90.67,90.78,90.89,91,91.11,91.23,91.34,91.45
France,82.17,83.12,83.26,83.39,83.52,83.65,83.79,83.92,84.05,84.19,84.33,84.46,84.6,84.73,84.86,84.98,85.1,85.22,85.34,85.46,85.57,85.69,85.8,85.92,86.04,86.15,86.27,86.39,86.51,86.62,86.74,86.85,86.97,87.08,87.19,87.31,87.42,87.53,87.64,87.75,87.87,87.98,88.1,88.21,88.32,88.44,88.55,88.66,88.77,88.88,88.99,89.1,89.21,89.32,89.43,89.54,89.66,89.77,89.88,90,90.11,90.22,90.33,90.44,90.55,90.66,90.77,90.88,90.99,91.1,91.21,91.32,91.43,91.54,91.65,91.76,91.87,91.98,92.09,92.2,92.3
Gabon,67.83,68.22,68.38,68.53,68.68,68.84,69.01,69.18,69.34,69.5,69.66,69.82,69.98,70.13,70.28,70.43,70.57,70.72,70.86,71,71.14,71.27,71.41,71.55,71.68,71.81,71.95,72.08,72.21,72.34,72.46,72.59,72.72,72.84,72.97,73.09,73.22,73.35,73.47,73.6,73.73,73.86,73.98,74.11,74.23,74.36,74.48,74.61,74.74,74.86,74.99,75.12,75.25,75.37,75.5,75.63,75.75,75.88,76.01,76.13,76.26,76.39,76.52,76.65,76.78,76.91,77.04,77.17,77.3,77.43,77.56,77.68,77.81,77.94,78.08,78.21,78.34,78.48,78.61,78.75,78.89
Gambia,66.86,67.47,67.83,68.19,68.53,68.85,69.16,69.45,69.73,70,70.26,70.51,70.76,70.99,71.22,71.45,71.66,71.87,72.08,72.27,72.47,72.66,72.85,73.03,73.21,73.39,73.57,73.74,73.91,74.07,74.23,74.38,74.54,74.69,74.84,74.98,75.13,75.28,75.42,75.56,75.7,75.85,75.99,76.13,76.26,76.4,76.54,76.67,76.81,76.94,77.08,77.21,77.34,77.47,77.6,77.73,77.85,77.98,78.11,78.23,78.36,78.49,78.61,78.74,78.87,78.99,79.12,79.25,79.38,79.51,79.64,79.77,79.9,80.03,80.16,80.3,80.43,80.56,80.7,80.84,80.97
Georgia,72.58,73.7,73.83,73.96,74.1,74.24,74.38,74.52,74.67,74.81,74.95,75.09,75.24,75.38,75.52,75.66,75.8,75.94,76.08,76.22,76.35,76.49,76.63,76.77,76.91,77.05,77.2,77.34,77.48,77.63,77.77,77.91,78.06,78.2,78.34,78.48,78.63,78.77,78.91,79.06,79.2,79.34,79.49,79.64,79.78,79.93,80.07,80.22,80.36,80.51,80.65,80.79,80.93,81.07,81.21,81.35,81.48,81.61,81.75,81.88,82.01,82.14,82.27,82.39,82.52,82.64,82.77,82.89,83.01,83.13,83.25,83.36,83.48,83.59,83.7,83.82,83.93,84.04,84.15,84.26,84.36
Germany,81,81.5,81.66,81.82,81.98,82.14,82.3,82.46,82.61,82.76,82.91,83.05,83.2,83.34,83.47,83.61,83.74,83.87,84,84.12,84.24,84.37,84.49,84.61,84.72,84.84,84.96,85.07,85.19,85.31,85.42,85.54,85.65,85.76,85.88,85.99,86.1,86.21,86.32,86.43,86.54,86.65,86.76,86.87,86.98,87.1,87.21,87.32,87.43,87.54,87.65,87.76,87.87,87.98,88.09,88.2,88.31,88.42,88.53,88.64,88.76,88.87,88.98,89.09,89.2,89.31,89.41,89.52,89.63,89.74,89.85,89.96,90.07,90.18,90.29,90.4,90.51,90.63,90.74,90.86,90.97
Ghana,66.41,66.86,67.11,67.35,67.6,67.84,68.08,68.31,68.54,68.76,68.98,69.19,69.4,69.6,69.8,69.99,70.19,70.38,70.56,70.75,70.93,71.1,71.28,71.44,71.61,71.77,71.93,72.08,72.24,72.39,72.54,72.69,72.84,72.98,73.13,73.27,73.41,73.55,73.68,73.82,73.96,74.09,74.23,74.36,74.49,74.62,74.75,74.88,75.01,75.14,75.27,75.4,75.53,75.66,75.79,75.92,76.05,76.18,76.31,76.44,76.57,76.7,76.83,76.95,77.08,77.21,77.34,77.47,77.6,77.73,77.86,77.99,78.12,78.26,78.39,78.52,78.65,78.78,78.91,79.04,79.17
Greece,80.43,81.26,81.42,81.57,81.73,81.88,82.03,82.17,82.3,82.43,82.56,82.69,82.81,82.93,83.05,83.18,83.3,83.42,83.54,83.65,83.76,83.88,83.99,84.1,84.21,84.32,84.44,84.55,84.66,84.77,84.88,85,85.11,85.22,85.33,85.44,85.55,85.66,85.77,85.88,85.99,86.1,86.22,86.33,86.44,86.55,86.66,86.77,86.88,86.99,87.1,87.21,87.32,87.43,87.54,87.65,87.76,87.86,87.97,88.08,88.19,88.3,88.41,88.52,88.63,88.75,88.86,88.97,89.08,89.19,89.3,89.41,89.51,89.62,89.73,89.84,89.94,90.05,90.16,90.27,90.38
Grenada,73.33,73.39,73.46,73.54,73.64,73.75,73.89,74.05,74.23,74.43,74.63,74.83,75.02,75.19,75.34,75.48,75.61,75.72,75.84,75.95,76.07,76.2,76.32,76.45,76.58,76.7,76.83,76.96,77.09,77.21,77.34,77.47,77.6,77.73,77.86,77.99,78.12,78.24,78.37,78.5,78.63,78.76,78.89,79.02,79.15,79.28,79.41,79.54,79.67,79.8,79.93,80.06,80.19,80.32,80.45,80.59,80.72,80.85,80.99,81.12,81.25,81.39,81.52,81.65,81.79,81.92,82.06,82.19,82.33,82.46,82.59,82.73,82.86,82.99,83.12,83.25,83.39,83.52,83.65,83.78,83.92
Guatemala,71.46,73.01,73.22,73.42,73.62,73.82,74.02,74.22,74.41,74.61,74.8,74.99,75.18,75.36,75.55,75.73,75.92,76.1,76.28,76.46,76.64,76.82,77,77.17,77.34,77.51,77.68,77.85,78.02,78.19,78.36,78.53,78.69,78.86,79.02,79.19,79.35,79.52,79.68,79.84,80,80.16,80.32,80.47,80.63,80.78,80.93,81.07,81.22,81.36,81.5,81.64,81.77,81.91,82.04,82.17,82.3,82.42,82.55,82.67,82.79,82.91,83.03,83.14,83.26,83.37,83.48,83.6,83.7,83.81,83.92,84.03,84.13,84.24,84.34,84.44,84.55,84.65,84.75,84.86,84.96
Guinea,61.28,61.91,62.19,62.47,62.74,63.02,63.3,63.57,63.85,64.11,64.36,64.61,64.86,65.09,65.33,65.55,65.77,65.98,66.19,66.39,66.58,66.77,66.95,67.13,67.31,67.48,67.64,67.81,67.97,68.13,68.28,68.43,68.58,68.73,68.87,69.01,69.14,69.28,69.41,69.54,69.67,69.79,69.92,70.04,70.16,70.29,70.4,70.52,70.64,70.76,70.87,70.99,71.1,71.22,71.33,71.44,71.56,71.67,71.78,71.89,71.99,72.1,72.21,72.32,72.43,72.54,72.65,72.76,72.87,72.98,73.09,73.2,73.31,73.42,73.53,73.64,73.75,73.85,73.96,74.07,74.18
Guinea-Bissau,61.02,61.6,61.91,62.22,62.53,62.83,63.14,63.43,63.73,64.02,64.3,64.58,64.86,65.12,65.39,65.65,65.9,66.15,66.39,66.63,66.87,67.09,67.32,67.54,67.75,67.96,68.16,68.36,68.55,68.74,68.93,69.12,69.3,69.48,69.66,69.83,70,70.16,70.33,70.49,70.65,70.8,70.96,71.11,71.25,71.4,71.54,71.69,71.83,71.97,72.1,72.24,72.38,72.51,72.65,72.78,72.91,73.04,73.17,73.3,73.43,73.55,73.68,73.8,73.92,74.04,74.16,74.27,74.39,74.51,74.63,74.75,74.87,74.99,75.11,75.23,75.35,75.47,75.59,75.72,75.84
Guyana,66.8,67.52,67.62,67.72,67.81,67.91,68.02,68.12,68.22,68.33,68.43,68.53,68.64,68.74,68.85,68.95,69.06,69.17,69.27,69.38,69.49,69.6,69.71,69.82,69.93,70.04,70.15,70.26,70.37,70.48,70.59,70.7,70.81,70.92,71.03,71.14,71.26,71.37,71.48,71.6,71.71,71.83,71.94,72.06,72.18,72.29,72.41,72.53,72.65,72.77,72.88,73,73.13,73.25,73.37,73.5,73.62,73.75,73.87,74,74.12,74.24,74.37,74.49,74.62,74.74,74.87,74.99,75.12,75.25,75.38,75.52,75.65,75.78,75.91,76.04,76.17,76.3,76.43,76.56,76.69
Haiti,63.87,64.39,64.66,64.93,65.19,65.44,65.7,65.94,66.19,66.42,66.65,66.87,67.09,67.3,67.51,67.71,67.91,68.1,68.29,68.48,68.66,68.83,69.01,69.17,69.34,69.51,69.67,69.83,69.98,70.14,70.29,70.44,70.59,70.74,70.89,71.03,71.18,71.32,71.46,71.6,71.73,71.87,72.01,72.14,72.28,72.41,72.55,72.68,72.82,72.96,73.09,73.23,73.36,73.49,73.63,73.76,73.9,74.03,74.16,74.3,74.43,74.57,74.7,74.84,74.97,75.1,75.24,75.37,75.51,75.64,75.78,75.91,76.05,76.19,76.32,76.46,76.59,76.73,76.86,76.99,77.13
Holy see,,,,,,,,,,,,,,,,,,,,,,,,,,,,,,,,,,,,,,,,,,,,,,,,,,,,,,,,,,,,,,,,,,,,,,,,,,,,,,,,,
Honduras,70.68,72.4,72.57,72.73,72.9,73.06,73.22,73.39,73.55,73.71,73.87,74.03,74.19,74.34,74.5,74.65,74.8,74.96,75.11,75.26,75.41,75.56,75.71,75.86,76.01,76.16,76.31,76.46,76.61,76.75,76.9,77.05,77.19,77.34,77.49,77.63,77.78,77.92,78.06,78.21,78.35,78.49,78.64,78.78,78.92,79.06,79.2,79.34,79.48,79.61,79.74,79.87,80,80.12,80.25,80.37,80.49,80.61,80.73,80.85,80.96,81.07,81.18,81.29,81.4,81.5,81.61,81.72,81.82,81.92,82.03,82.13,82.23,82.32,82.42,82.52,82.62,82.71,82.81,82.9,83
"Hong Kong, China",84.45,84.72,84.84,84.96,85.08,85.21,85.33,85.47,85.6,85.73,85.86,85.99,86.13,86.26,86.39,86.53,86.66,86.79,86.92,87.05,87.19,87.32,87.45,87.58,87.71,87.84,87.97,88.1,88.23,88.35,88.48,88.61,88.73,88.85,88.98,89.1,89.22,89.34,89.46,89.57,89.69,89.8,89.92,90.03,90.14,90.25,90.36,90.47,90.58,90.68,90.78,90.89,90.99,91.09,91.19,91.29,91.39,91.49,91.59,91.68,91.78,91.88,91.98,92.08,92.18,92.28,92.37,92.47,92.57,92.68,92.78,92.88,92.98,93.09,93.19,93.3,93.4,93.51,93.62,93.73,93.84
Hungary,75.81,76.89,77.02,77.14,77.26,77.39,77.53,77.67,77.81,77.95,78.09,78.23,78.37,78.51,78.65,78.79,78.93,79.07,79.21,79.35,79.49,79.64,79.78,79.92,80.06,80.2,80.34,80.49,80.63,80.78,80.92,81.07,81.21,81.35,81.5,81.64,81.78,81.92,82.06,82.19,82.32,82.45,82.58,82.71,82.84,82.96,83.08,83.21,83.33,83.45,83.57,83.68,83.8,83.92,84.03,84.15,84.26,84.37,84.49,84.6,84.71,84.82,84.93,85.03,85.14,85.25,85.36,85.46,85.57,85.67,85.78,85.88,85.99,86.09,86.19,86.3,86.4,86.5,86.6,86.7,86.81
Iceland,83.98,84.38,84.53,84.68,84.84,84.98,85.13,85.27,85.41,85.54,85.67,85.8,85.92,86.04,86.17,86.29,86.41,86.52,86.64,86.75,86.87,86.98,87.09,87.21,87.32,87.43,87.54,87.65,87.76,87.87,87.98,88.09,88.2,88.31,88.42,88.53,88.64,88.75,88.86,88.97,89.08,89.19,89.3,89.4,89.51,89.62,89.72,89.83,89.94,90.05,90.15,90.26,90.37,90.47,90.58,90.69,90.79,90.9,91,91.11,91.22,91.32,91.43,91.54,91.65,91.76,91.86,91.97,92.08,92.18,92.29,92.4,92.5,92.61,92.71,92.82,92.93,93.04,93.15,93.26,93.37
India,70.78,71.23,71.45,71.66,71.87,72.08,72.28,72.48,72.67,72.86,73.04,73.22,73.39,73.56,73.73,73.89,74.05,74.21,74.37,74.53,74.68,74.84,74.99,75.14,75.29,75.44,75.59,75.74,75.89,76.03,76.18,76.32,76.47,76.61,76.76,76.9,77.05,77.19,77.33,77.48,77.62,77.76,77.9,78.04,78.18,78.33,78.47,78.61,78.76,78.9,79.04,79.19,79.33,79.47,79.62,79.76,79.91,80.05,80.19,80.34,80.48,80.63,80.77,80.92,81.06,81.2,81.35,81.49,81.63,81.78,81.92,82.06,82.2,82.34,82.48,82.62,82.77,82.91,83.05,83.2,83.34
Indonesia,71.39,71.76,71.93,72.1,72.26,72.43,72.61,72.78,72.95,73.12,73.29,73.45,73.62,73.78,73.94,74.1,74.26,74.42,74.58,74.74,74.9,75.05,75.21,75.37,75.52,75.67,75.82,75.97,76.12,76.27,76.42,76.57,76.72,76.87,77.02,77.17,77.32,77.47,77.62,77.77,77.92,78.07,78.22,78.37,78.52,78.67,78.82,78.96,79.11,79.26,79.41,79.55,79.7,79.85,79.99,80.14,80.29,80.44,80.58,80.73,80.87,81.02,81.17,81.31,81.46,81.6,81.74,81.89,82.03,82.17,82.31,82.45,82.58,82.72,82.85,82.99,83.12,83.25,83.38,83.51,83.64
Iran,76.17,78.15,78.34,78.53,78.71,78.9,79.09,79.27,79.45,79.63,79.81,79.99,80.16,80.34,80.51,80.67,80.84,81.01,81.18,81.34,81.51,81.67,81.83,81.99,82.15,82.31,82.47,82.63,82.78,82.94,83.09,83.24,83.39,83.54,83.69,83.84,83.98,84.13,84.27,84.41,84.55,84.69,84.82,84.96,85.09,85.22,85.34,85.47,85.59,85.72,85.84,85.96,86.08,86.19,86.31,86.42,86.54,86.64,86.75,86.86,86.97,87.07,87.18,87.28,87.39,87.5,87.61,87.71,87.82,87.93,88.04,88.14,88.25,88.36,88.46,88.57,88.68,88.79,88.9,89.01,89.12
Iraq,72.09,73.56,73.7,73.84,73.98,74.11,74.25,74.39,74.52,74.65,74.79,74.92,75.05,75.17,75.3,75.43,75.56,75.68,75.81,75.93,76.05,76.18,76.3,76.42,76.54,76.67,76.79,76.92,77.04,77.17,77.29,77.42,77.55,77.67,77.8,77.92,78.05,78.18,78.3,78.43,78.56,78.68,78.81,78.94,79.07,79.2,79.33,79.46,79.59,79.72,79.86,79.99,80.12,80.25,80.39,80.52,80.65,80.79,80.92,81.06,81.19,81.32,81.46,81.59,81.73,81.86,81.99,82.13,82.26,82.4,82.54,82.67,82.81,82.95,83.09,83.23,83.37,83.51,83.65,83.79,83.93
Ireland,81.06,82.34,82.48,82.62,82.77,82.91,83.06,83.21,83.36,83.51,83.66,83.8,83.94,84.08,84.21,84.34,84.47,84.59,84.71,84.83,84.95,85.07,85.19,85.3,85.42,85.53,85.65,85.76,85.88,85.99,86.1,86.22,86.33,86.44,86.55,86.66,86.77,86.88,86.99,87.1,87.22,87.33,87.44,87.55,87.66,87.77,87.88,87.99,88.1,88.2,88.31,88.42,88.53,88.63,88.74,88.84,88.95,89.06,89.16,89.27,89.38,89.49,89.59,89.7,89.81,89.92,90.03,90.14,90.25,90.36,90.46,90.57,90.68,90.78,90.89,91,91.11,91.22,91.33,91.44,91.55
Israel,81.95,83.3,83.45,83.6,83.74,83.88,84.02,84.16,84.3,84.43,84.55,84.68,84.8,84.92,85.04,85.16,85.28,85.4,85.51,85.63,85.74,85.86,85.97,86.09,86.2,86.32,86.43,86.55,86.66,86.77,86.88,87,87.11,87.22,87.33,87.44,87.54,87.65,87.76,87.87,87.98,88.09,88.2,88.31,88.42,88.53,88.64,88.75,88.86,88.97,89.08,89.19,89.31,89.42,89.53,89.64,89.75,89.85,89.96,90.07,90.18,90.29,90.41,90.52,90.63,90.74,90.85,90.96,91.07,91.18,91.3,91.41,91.52,91.63,91.74,91.85,91.96,92.07,92.18,92.29,92.4
Italy,81.9,83.39,83.53,83.66,83.79,83.92,84.05,84.17,84.29,84.41,84.53,84.66,84.78,84.9,85.02,85.14,85.26,85.38,85.5,85.62,85.73,85.85,85.96,86.08,86.19,86.31,86.42,86.54,86.65,86.76,86.88,86.99,87.1,87.22,87.33,87.45,87.57,87.68,87.79,87.9,88.01,88.12,88.23,88.34,88.45,88.56,88.67,88.79,88.9,89.01,89.12,89.23,89.34,89.45,89.56,89.67,89.77,89.88,89.99,90.1,90.21,90.32,90.43,90.54,90.65,90.77,90.88,90.99,91.1,91.21,91.32,91.43,91.54,91.65,91.76,91.87,91.98,92.09,92.2,92.31,92.42
Jamaica,76.17,76.48,76.6,76.72,76.84,76.96,77.09,77.22,77.35,77.48,77.61,77.74,77.87,77.99,78.12,78.24,78.36,78.48,78.6,78.72,78.84,78.96,79.08,79.2,79.32,79.44,79.56,79.68,79.81,79.93,80.05,80.18,80.3,80.43,80.56,80.69,80.81,80.94,81.07,81.19,81.32,81.45,81.57,81.7,81.83,81.96,82.08,82.21,82.34,82.47,82.6,82.74,82.87,83,83.13,83.26,83.4,83.53,83.66,83.8,83.93,84.06,84.19,84.32,84.45,84.58,84.71,84.84,84.96,85.09,85.21,85.34,85.46,85.58,85.7,85.82,85.94,86.06,86.17,86.28,86.4
Japan,84.74,85.06,85.17,85.28,85.39,85.5,85.62,85.74,85.85,85.97,86.09,86.21,86.32,86.44,86.56,86.67,86.79,86.91,87.02,87.14,87.26,87.38,87.49,87.61,87.72,87.84,87.95,88.07,88.18,88.3,88.41,88.53,88.64,88.75,88.87,88.98,89.09,89.2,89.31,89.42,89.53,89.64,89.76,89.87,89.98,90.09,90.2,90.32,90.43,90.54,90.65,90.76,90.87,90.98,91.09,91.2,91.31,91.42,91.53,91.64,91.75,91.86,91.98,92.09,92.2,92.31,92.42,92.53,92.64,92.75,92.86,92.97,93.08,93.19,93.3,93.41,93.52,93.63,93.74,93.85,93.96
Jordan,76.93,78.51,78.66,78.8,78.95,79.09,79.23,79.37,79.51,79.65,79.79,79.93,80.07,80.2,80.34,80.48,80.62,80.75,80.89,81.03,81.17,81.3,81.44,81.58,81.72,81.86,82.01,82.15,82.29,82.43,82.57,82.72,82.86,83,83.14,83.28,83.42,83.56,83.7,83.84,83.99,84.13,84.27,84.42,84.56,84.7,84.84,84.98,85.12,85.27,85.41,85.55,85.69,85.83,85.97,86.11,86.25,86.38,86.52,86.66,86.79,86.93,87.06,87.19,87.32,87.45,87.58,87.71,87.83,87.96,88.08,88.21,88.33,88.45,88.57,88.68,88.8,88.91,89.02,89.13,89.24
Kazakhstan,71.17,72.28,72.35,72.4,72.47,72.57,72.69,72.82,72.95,73.08,73.22,73.35,73.48,73.62,73.75,73.89,74.02,74.15,74.29,74.42,74.56,74.69,74.83,74.96,75.1,75.24,75.37,75.51,75.65,75.79,75.93,76.07,76.21,76.35,76.49,76.63,76.77,76.91,77.06,77.2,77.34,77.48,77.63,77.77,77.91,78.06,78.2,78.34,78.49,78.63,78.77,78.91,79.06,79.2,79.34,79.48,79.62,79.76,79.9,80.03,80.17,80.3,80.43,80.56,80.69,80.81,80.94,81.06,81.18,81.3,81.43,81.55,81.66,81.78,81.9,82.01,82.13,82.24,82.35,82.47,82.58
Kenya,66.44,67.05,67.26,67.46,67.67,67.88,68.09,68.31,68.52,68.73,68.93,69.13,69.33,69.52,69.7,69.88,70.07,70.24,70.42,70.59,70.76,70.93,71.1,71.26,71.42,71.58,71.74,71.9,72.05,72.21,72.36,72.51,72.66,72.81,72.97,73.12,73.27,73.42,73.57,73.72,73.87,74.01,74.16,74.31,74.46,74.61,74.77,74.92,75.07,75.21,75.36,75.51,75.66,75.81,75.96,76.1,76.25,76.4,76.55,76.7,76.85,77,77.15,77.3,77.45,77.6,77.75,77.9,78.06,78.21,78.36,78.51,78.67,78.82,78.98,79.13,79.29,79.44,79.6,79.76,79.91
Kiribati,60.84,61.17,61.37,61.56,61.75,61.94,62.12,62.29,62.47,62.64,62.8,62.97,63.13,63.29,63.45,63.61,63.77,63.93,64.09,64.24,64.4,64.55,64.7,64.85,65,65.15,65.3,65.45,65.59,65.74,65.88,66.03,66.17,66.31,66.45,66.59,66.73,66.87,67.01,67.15,67.29,67.43,67.57,67.7,67.84,67.98,68.12,68.26,68.4,68.54,68.68,68.81,68.95,69.09,69.23,69.36,69.5,69.64,69.77,69.91,70.05,70.19,70.33,70.46,70.6,70.74,70.88,71.01,71.15,71.29,71.43,71.57,71.7,71.84,71.98,72.11,72.25,72.38,72.52,72.65,72.79
North Korea,73.24,73.51,73.7,73.88,74.06,74.24,74.42,74.6,74.78,74.96,75.13,75.3,75.48,75.65,75.82,75.99,76.16,76.32,76.49,76.66,76.82,76.99,77.15,77.32,77.48,77.65,77.81,77.97,78.14,78.3,78.46,78.62,78.78,78.94,79.1,79.26,79.42,79.58,79.75,79.91,80.07,80.23,80.39,80.55,80.71,80.87,81.03,81.19,81.34,81.5,81.66,81.82,81.98,82.14,82.29,82.45,82.6,82.76,82.91,83.06,83.21,83.36,83.51,83.66,83.8,83.95,84.09,84.22,84.36,84.49,84.62,84.75,84.88,85,85.13,85.25,85.37,85.49,85.62,85.74,85.86
South Korea,82.79,83.22,83.35,83.47,83.6,83.73,83.86,84,84.13,84.27,84.4,84.53,84.66,84.79,84.92,85.05,85.17,85.3,85.43,85.55,85.68,85.81,85.93,86.06,86.18,86.3,86.43,86.55,86.67,86.8,86.92,87.04,87.16,87.28,87.4,87.52,87.64,87.75,87.87,87.99,88.11,88.22,88.34,88.46,88.57,88.69,88.8,88.92,89.03,89.15,89.26,89.38,89.49,89.61,89.72,89.84,89.95,90.07,90.19,90.3,90.42,90.53,90.65,90.76,90.88,90.99,91.11,91.22,91.34,91.45,91.56,91.68,91.79,91.91,92.02,92.13,92.25,92.36,92.48,92.59,92.7
Kuwait,81.18,81.69,81.8,81.92,82.03,82.15,82.27,82.39,82.51,82.63,82.75,82.87,82.99,83.12,83.24,83.37,83.5,83.63,83.76,83.88,84.01,84.14,84.27,84.4,84.53,84.66,84.79,84.92,85.06,85.19,85.32,85.46,85.59,85.73,85.87,86,86.14,86.28,86.42,86.55,86.69,86.82,86.96,87.09,87.23,87.37,87.5,87.64,87.77,87.9,88.03,88.17,88.3,88.43,88.57,88.7,88.84,88.97,89.1,89.23,89.35,89.48,89.6,89.73,89.85,89.97,90.09,90.21,90.34,90.46,90.58,90.7,90.82,90.94,91.05,91.17,91.28,91.4,91.51,91.62,91.73
Kyrgyz Republic,72.93,73.71,73.87,74.02,74.17,74.32,74.46,74.61,74.76,74.9,75.04,75.18,75.32,75.46,75.6,75.74,75.87,76.01,76.15,76.29,76.43,76.57,76.71,76.85,77,77.14,77.28,77.42,77.57,77.71,77.85,78,78.14,78.28,78.43,78.57,78.72,78.86,79.01,79.15,79.3,79.44,79.59,79.74,79.88,80.03,80.18,80.32,80.47,80.62,80.77,80.92,81.07,81.22,81.37,81.52,81.67,81.82,81.97,82.12,82.27,82.42,82.57,82.72,82.87,83.01,83.16,83.31,83.46,83.6,83.75,83.9,84.04,84.18,84.33,84.47,84.61,84.74,84.88,85.01,85.15
Lao,69.12,69.56,69.84,70.1,70.37,70.63,70.88,71.13,71.37,71.6,71.83,72.05,72.26,72.47,72.67,72.87,73.06,73.25,73.43,73.61,73.79,73.96,74.13,74.3,74.46,74.63,74.79,74.95,75.11,75.27,75.43,75.58,75.73,75.88,76.03,76.18,76.33,76.47,76.62,76.76,76.9,77.04,77.18,77.32,77.46,77.6,77.74,77.87,78.01,78.15,78.28,78.42,78.56,78.7,78.84,78.98,79.12,79.25,79.39,79.53,79.67,79.8,79.94,80.07,80.21,80.34,80.48,80.61,80.74,80.88,81.01,81.14,81.27,81.41,81.54,81.68,81.81,81.95,82.09,82.23,82.37
Latvia,75.86,76.12,76.25,76.38,76.52,76.65,76.79,76.93,77.07,77.21,77.35,77.49,77.63,77.77,77.91,78.05,78.19,78.34,78.48,78.62,78.76,78.9,79.04,79.19,79.33,79.47,79.62,79.76,79.91,80.05,80.2,80.34,80.48,80.63,80.77,80.91,81.05,81.19,81.33,81.47,81.61,81.75,81.88,82.01,82.15,82.28,82.4,82.53,82.65,82.78,82.9,83.02,83.14,83.26,83.37,83.49,83.61,83.72,83.83,83.95,84.06,84.17,84.29,84.4,84.51,84.62,84.72,84.83,84.94,85.05,85.15,85.26,85.36,85.46,85.57,85.67,85.77,85.87,85.97,86.07,86.17
Lebanon,76.16,76.81,76.91,77.02,77.15,77.29,77.45,77.62,77.8,78,78.2,78.4,78.59,78.77,78.94,79.1,79.25,79.39,79.53,79.68,79.83,79.98,80.13,80.27,80.42,80.57,80.72,80.86,81,81.14,81.28,81.42,81.55,81.68,81.81,81.94,82.07,82.19,82.32,82.44,82.56,82.67,82.79,82.9,83.01,83.12,83.23,83.33,83.44,83.54,83.65,83.75,83.85,83.96,84.06,84.16,84.27,84.37,84.48,84.58,84.68,84.79,84.89,85,85.1,85.21,85.31,85.41,85.52,85.62,85.72,85.82,85.93,86.03,86.13,86.23,86.34,86.44,86.55,86.65,86.76
Lesotho,52.01,52.65,52.99,53.33,53.67,54.02,54.39,54.76,55.13,55.49,55.84,56.18,56.52,56.85,57.17,57.49,57.8,58.09,58.39,58.67,58.95,59.22,59.48,59.74,59.99,60.24,60.49,60.73,60.96,61.19,61.41,61.63,61.85,62.06,62.26,62.46,62.66,62.85,63.04,63.23,63.42,63.6,63.78,63.95,64.13,64.3,64.47,64.64,64.8,64.96,65.12,65.27,65.42,65.57,65.72,65.87,66.01,66.16,66.3,66.44,66.58,66.72,66.86,66.99,67.13,67.27,67.4,67.54,67.67,67.81,67.94,68.08,68.21,68.34,68.47,68.6,68.73,68.86,68.98,69.11,69.24
Liberia,66.18,66.72,66.98,67.22,67.46,67.71,67.96,68.2,68.44,68.67,68.9,69.11,69.33,69.53,69.73,69.93,70.12,70.31,70.49,70.67,70.85,71.02,71.19,71.36,71.52,71.68,71.83,71.98,72.13,72.28,72.42,72.56,72.7,72.84,72.98,73.12,73.26,73.39,73.52,73.65,73.78,73.9,74.03,74.15,74.28,74.4,74.52,74.64,74.76,74.88,75,75.12,75.24,75.36,75.48,75.6,75.72,75.84,75.96,76.08,76.2,76.33,76.45,76.57,76.69,76.81,76.93,77.05,77.16,77.28,77.4,77.52,77.64,77.76,77.88,78,78.12,78.24,78.37,78.49,78.61
Libya,75.53,76.26,76.41,76.56,76.71,76.86,77.01,77.16,77.31,77.46,77.61,77.76,77.91,78.06,78.21,78.36,78.51,78.66,78.8,78.95,79.1,79.25,79.4,79.55,79.7,79.84,79.99,80.14,80.29,80.44,80.59,80.74,80.89,81.05,81.2,81.35,81.5,81.65,81.81,81.96,82.11,82.26,82.41,82.56,82.71,82.86,83.01,83.16,83.31,83.46,83.62,83.77,83.92,84.07,84.22,84.37,84.52,84.67,84.81,84.96,85.11,85.25,85.4,85.54,85.69,85.83,85.98,86.12,86.26,86.41,86.54,86.68,86.82,86.95,87.08,87.21,87.34,87.47,87.59,87.71,87.83
Liechtenstein,,,,,,,,,,,,,,,,,,,,,,,,,,,,,,,,,,,,,,,,,,,,,,,,,,,,,,,,,,,,,,,,,,,,,,,,,,,,,,,,,
Lithuania,74.84,76.55,76.69,76.83,76.97,77.12,77.28,77.44,77.6,77.76,77.92,78.07,78.23,78.39,78.54,78.7,78.85,79.01,79.17,79.32,79.47,79.63,79.78,79.93,80.09,80.24,80.39,80.53,80.68,80.82,80.97,81.1,81.24,81.38,81.51,81.64,81.77,81.9,82.02,82.14,82.27,82.39,82.51,82.63,82.75,82.87,82.98,83.1,83.21,83.33,83.44,83.55,83.66,83.78,83.89,84,84.11,84.22,84.33,84.44,84.55,84.65,84.76,84.87,84.98,85.08,85.19,85.29,85.4,85.5,85.61,85.71,85.81,85.92,86.02,86.12,86.22,86.32,86.42,86.52,86.62
Luxembourg,82.02,83.23,83.39,83.54,83.7,83.86,84.01,84.16,84.3,84.44,84.58,84.71,84.84,84.97,85.1,85.23,85.35,85.48,85.6,85.73,85.85,85.97,86.09,86.2,86.32,86.44,86.55,86.67,86.79,86.91,87.02,87.14,87.26,87.38,87.5,87.61,87.73,87.85,87.96,88.08,88.19,88.31,88.42,88.53,88.65,88.76,88.88,88.99,89.11,89.22,89.33,89.45,89.56,89.68,89.79,89.9,90.02,90.13,90.24,90.35,90.46,90.57,90.69,90.8,90.91,91.02,91.14,91.25,91.36,91.48,91.59,91.69,91.8,91.91,92.02,92.13,92.25,92.36,92.47,92.59,92.7
"Macedonia, FYR",72.83,74.62,74.75,74.89,75.02,75.16,75.29,75.42,75.55,75.68,75.81,75.94,76.07,76.2,76.33,76.46,76.59,76.72,76.85,76.99,77.12,77.26,77.39,77.52,77.65,77.79,77.92,78.05,78.18,78.31,78.45,78.58,78.71,78.85,78.98,79.11,79.25,79.38,79.51,79.65,79.78,79.92,80.05,80.19,80.32,80.46,80.59,80.72,80.85,80.99,81.11,81.24,81.37,81.5,81.63,81.75,81.88,82,82.12,82.24,82.36,82.48,82.59,82.71,82.82,82.93,83.04,83.14,83.25,83.36,83.46,83.57,83.67,83.77,83.87,83.97,84.07,84.17,84.27,84.37,84.46
Madagascar,65.6,66.16,66.48,66.79,67.1,67.39,67.67,67.95,68.22,68.47,68.72,68.97,69.2,69.43,69.65,69.86,70.07,70.28,70.48,70.67,70.87,71.06,71.24,71.43,71.61,71.78,71.96,72.13,72.3,72.47,72.64,72.81,72.98,73.14,73.3,73.46,73.62,73.77,73.93,74.08,74.24,74.39,74.55,74.7,74.85,75,75.15,75.3,75.45,75.6,75.76,75.91,76.06,76.21,76.36,76.51,76.66,76.81,76.95,77.1,77.25,77.39,77.54,77.68,77.83,77.97,78.12,78.26,78.41,78.55,78.7,78.84,78.99,79.13,79.27,79.41,79.55,79.69,79.83,79.97,80.11
Malawi,64.78,65.56,65.95,66.33,66.7,67.08,67.44,67.8,68.15,68.49,68.82,69.13,69.44,69.73,70.02,70.29,70.56,70.82,71.07,71.31,71.55,71.78,72.01,72.23,72.46,72.67,72.89,73.1,73.3,73.51,73.7,73.9,74.09,74.28,74.47,74.65,74.84,75.02,75.2,75.38,75.56,75.73,75.91,76.09,76.26,76.44,76.61,76.78,76.95,77.12,77.29,77.45,77.62,77.78,77.95,78.11,78.27,78.44,78.6,78.76,78.93,79.09,79.25,79.41,79.57,79.73,79.89,80.05,80.21,80.37,80.53,80.69,80.85,81,81.16,81.31,81.47,81.62,81.77,81.93,82.08
Malaysia,75.12,75.33,75.47,75.6,75.74,75.88,76.02,76.16,76.3,76.44,76.57,76.71,76.85,76.99,77.13,77.27,77.4,77.54,77.68,77.82,77.96,78.1,78.24,78.38,78.52,78.66,78.8,78.94,79.08,79.22,79.35,79.49,79.63,79.77,79.91,80.05,80.19,80.33,80.48,80.62,80.76,80.9,81.04,81.18,81.31,81.45,81.58,81.72,81.85,81.98,82.11,82.24,82.37,82.49,82.61,82.73,82.86,82.97,83.09,83.2,83.32,83.43,83.54,83.65,83.76,83.87,83.98,84.08,84.19,84.3,84.4,84.5,84.61,84.71,84.81,84.91,85.01,85.11,85.21,85.3,85.4
Maldives,79.11,79.64,79.91,80.18,80.44,80.7,80.95,81.19,81.43,81.67,81.89,82.12,82.33,82.55,82.76,82.96,83.16,83.36,83.55,83.74,83.92,84.1,84.27,84.44,84.6,84.75,84.9,85.05,85.19,85.33,85.46,85.6,85.73,85.85,85.98,86.1,86.22,86.34,86.46,86.59,86.71,86.83,86.95,87.07,87.19,87.31,87.43,87.54,87.66,87.78,87.89,88.01,88.12,88.24,88.36,88.47,88.59,88.71,88.82,88.94,89.05,89.17,89.28,89.4,89.51,89.63,89.74,89.86,89.97,90.09,90.2,90.32,90.43,90.54,90.65,90.77,90.88,90.98,91.09,91.2,91.3
Mali,61.97,62.6,62.96,63.31,63.65,63.98,64.31,64.62,64.92,65.21,65.49,65.76,66.02,66.28,66.52,66.76,66.99,67.21,67.42,67.63,67.83,68.02,68.2,68.38,68.56,68.73,68.9,69.06,69.22,69.38,69.54,69.69,69.84,69.98,70.12,70.26,70.39,70.52,70.65,70.78,70.91,71.04,71.16,71.29,71.41,71.53,71.65,71.77,71.88,72,72.11,72.22,72.33,72.44,72.55,72.66,72.77,72.88,72.99,73.09,73.19,73.3,73.41,73.51,73.62,73.72,73.83,73.94,74.04,74.14,74.25,74.35,74.45,74.55,74.65,74.75,74.86,74.96,75.06,75.17,75.27
Malta,82.27,82.88,83.03,83.19,83.34,83.49,83.64,83.78,83.93,84.06,84.2,84.33,84.46,84.58,84.71,84.83,84.95,85.07,85.19,85.31,85.43,85.54,85.66,85.77,85.89,86,86.12,86.23,86.34,86.46,86.57,86.69,86.8,86.91,87.02,87.13,87.25,87.36,87.47,87.58,87.69,87.8,87.91,88.02,88.13,88.25,88.36,88.47,88.58,88.69,88.8,88.91,89.02,89.13,89.24,89.35,89.46,89.57,89.68,89.79,89.9,90.01,90.12,90.23,90.34,90.45,90.56,90.67,90.78,90.89,91,91.11,91.22,91.33,91.44,91.55,91.66,91.77,91.88,91.98,92.09
Marshall Islands,,,,,,,,,,,,,,,,,,,,,,,,,,,,,,,,,,,,,,,,,,,,,,,,,,,,,,,,,,,,,,,,,,,,,,,,,,,,,,,,,
Mauritania,70.68,71.21,71.4,71.59,71.78,71.97,72.15,72.33,72.51,72.68,72.85,73.01,73.18,73.34,73.49,73.65,73.8,73.96,74.11,74.25,74.4,74.54,74.68,74.82,74.97,75.1,75.24,75.38,75.51,75.64,75.77,75.9,76.03,76.16,76.29,76.41,76.54,76.66,76.79,76.91,77.03,77.16,77.28,77.4,77.52,77.64,77.76,77.89,78,78.12,78.24,78.36,78.48,78.6,78.72,78.84,78.96,79.08,79.2,79.33,79.45,79.57,79.69,79.81,79.93,80.06,80.18,80.3,80.42,80.55,80.67,80.8,80.93,81.05,81.18,81.31,81.43,81.56,81.69,81.81,81.94
Mauritius,75.53,75.77,75.92,76.07,76.23,76.38,76.53,76.68,76.83,76.98,77.13,77.29,77.44,77.59,77.74,77.9,78.05,78.2,78.35,78.51,78.66,78.81,78.96,79.11,79.26,79.42,79.57,79.72,79.88,80.03,80.18,80.33,80.48,80.64,80.79,80.94,81.09,81.24,81.39,81.55,81.7,81.85,82,82.15,82.3,82.44,82.59,82.73,82.88,83.02,83.16,83.3,83.43,83.57,83.7,83.83,83.96,84.08,84.21,84.33,84.45,84.57,84.69,84.81,84.93,85.05,85.16,85.28,85.39,85.5,85.61,85.72,85.83,85.94,86.05,86.16,86.27,86.38,86.49,86.59,86.7
Mexico,72.97,75.8,75.91,76.04,76.18,76.34,76.53,76.73,76.96,77.19,77.43,77.67,77.9,78.11,78.3,78.47,78.63,78.78,78.93,79.07,79.23,79.38,79.54,79.69,79.85,80.01,80.16,80.31,80.47,80.62,80.77,80.92,81.07,81.22,81.37,81.53,81.68,81.84,81.99,82.14,82.29,82.44,82.59,82.74,82.88,83.03,83.17,83.31,83.45,83.59,83.72,83.86,83.99,84.13,84.26,84.39,84.52,84.64,84.77,84.89,85.01,85.12,85.24,85.36,85.47,85.59,85.7,85.81,85.92,86.03,86.14,86.25,86.35,86.46,86.56,86.67,86.77,86.87,86.97,87.08,87.18
"Micronesia, Fed. Sts.",64.18,64.35,64.45,64.55,64.65,64.76,64.86,64.96,65.07,65.17,65.28,65.38,65.48,65.58,65.68,65.78,65.88,65.97,66.07,66.16,66.26,66.35,66.45,66.54,66.63,66.72,66.81,66.9,66.99,67.08,67.17,67.26,67.35,67.44,67.53,67.62,67.71,67.8,67.89,67.99,68.08,68.17,68.26,68.35,68.45,68.54,68.64,68.73,68.83,68.93,69.02,69.12,69.22,69.32,69.42,69.52,69.62,69.72,69.82,69.92,70.03,70.13,70.23,70.34,70.45,70.55,70.66,70.77,70.88,70.99,71.1,71.21,71.32,71.43,71.54,71.65,71.77,71.88,71.99,72.1,72.21
Moldova,73.32,74.56,74.69,74.81,74.94,75.07,75.2,75.33,75.46,75.6,75.73,75.85,75.98,76.11,76.24,76.37,76.5,76.63,76.76,76.89,77.02,77.16,77.29,77.42,77.55,77.69,77.82,77.95,78.09,78.22,78.36,78.5,78.64,78.78,78.92,79.06,79.19,79.34,79.48,79.62,79.76,79.9,80.04,80.18,80.32,80.47,80.61,80.75,80.9,81.04,81.19,81.34,81.48,81.63,81.78,81.93,82.08,82.22,82.37,82.52,82.67,82.81,82.96,83.11,83.25,83.4,83.54,83.69,83.83,83.98,84.12,84.27,84.41,84.55,84.69,84.83,84.96,85.1,85.23,85.36,85.49
Monaco,,,,,,,,,,,,,,,,,,,,,,,,,,,,,,,,,,,,,,,,,,,,,,,,,,,,,,,,,,,,,,,,,,,,,,,,,,,,,,,,,
Mongolia,68.17,68.45,68.64,68.82,69.01,69.19,69.38,69.56,69.74,69.92,70.09,70.27,70.44,70.62,70.79,70.96,71.13,71.29,71.46,71.63,71.79,71.96,72.12,72.29,72.45,72.61,72.77,72.93,73.1,73.26,73.42,73.58,73.74,73.9,74.06,74.22,74.37,74.53,74.69,74.84,75,75.16,75.31,75.47,75.63,75.79,75.95,76.11,76.26,76.42,76.58,76.73,76.89,77.05,77.2,77.36,77.52,77.67,77.83,77.98,78.14,78.29,78.44,78.6,78.75,78.9,79.05,79.2,79.35,79.5,79.64,79.78,79.93,80.07,80.2,80.34,80.48,80.61,80.75,80.88,81.01
Montenegro,74.43,76.13,76.28,76.43,76.58,76.72,76.87,77.01,77.15,77.29,77.43,77.57,77.71,77.85,77.99,78.13,78.27,78.41,78.55,78.69,78.83,78.97,79.11,79.24,79.38,79.51,79.65,79.78,79.91,80.05,80.18,80.32,80.45,80.59,80.72,80.85,80.98,81.11,81.24,81.37,81.5,81.63,81.76,81.88,82.01,82.13,82.25,82.37,82.49,82.61,82.72,82.83,82.95,83.06,83.17,83.28,83.38,83.49,83.59,83.7,83.8,83.9,84,84.1,84.2,84.3,84.4,84.5,84.6,84.69,84.79,84.88,84.97,85.07,85.16,85.25,85.34,85.43,85.52,85.61,85.7
Morocco,73,73.76,73.97,74.17,74.36,74.56,74.75,74.95,75.13,75.32,75.51,75.69,75.87,76.05,76.23,76.4,76.58,76.75,76.92,77.09,77.26,77.42,77.59,77.75,77.91,78.08,78.24,78.39,78.55,78.7,78.85,79,79.15,79.3,79.44,79.58,79.73,79.86,80,80.13,80.26,80.39,80.52,80.64,80.76,80.88,81,81.11,81.23,81.34,81.45,81.56,81.67,81.78,81.88,81.98,82.09,82.19,82.29,82.39,82.49,82.6,82.7,82.8,82.9,83.01,83.11,83.22,83.32,83.42,83.52,83.63,83.73,83.83,83.93,84.04,84.14,84.24,84.34,84.45,84.55
Mozambique,58.37,59.28,59.6,59.91,60.22,60.55,60.9,61.25,61.59,61.92,62.24,62.56,62.87,63.16,63.45,63.73,64.01,64.27,64.53,64.79,65.03,65.28,65.51,65.74,65.97,66.19,66.4,66.61,66.82,67.02,67.21,67.4,67.58,67.77,67.95,68.12,68.3,68.47,68.64,68.8,68.97,69.13,69.29,69.45,69.61,69.77,69.93,70.09,70.24,70.4,70.55,70.7,70.86,71.01,71.16,71.31,71.46,71.61,71.76,71.91,72.06,72.21,72.36,72.51,72.66,72.81,72.95,73.1,73.24,73.39,73.53,73.67,73.81,73.96,74.1,74.25,74.4,74.55,74.7,74.85,75.01
Myanmar,69.38,69.91,70.09,70.27,70.44,70.62,70.8,70.98,71.16,71.33,71.5,71.67,71.83,71.99,72.15,72.31,72.47,72.62,72.77,72.92,73.06,73.21,73.36,73.5,73.64,73.78,73.93,74.07,74.21,74.35,74.49,74.63,74.77,74.91,75.04,75.18,75.33,75.46,75.61,75.75,75.89,76.03,76.17,76.31,76.45,76.58,76.72,76.86,77,77.14,77.28,77.42,77.56,77.7,77.84,77.98,78.13,78.27,78.41,78.55,78.69,78.83,78.97,79.12,79.26,79.4,79.55,79.69,79.84,79.99,80.13,80.28,80.43,80.57,80.72,80.86,81,81.15,81.29,81.44,81.58
Namibia,65.42,65.92,66.27,66.6,66.92,67.23,67.54,67.83,68.11,68.38,68.64,68.9,69.14,69.37,69.6,69.82,70.03,70.24,70.45,70.64,70.84,71.03,71.22,71.4,71.58,71.75,71.92,72.09,72.26,72.43,72.59,72.75,72.91,73.07,73.23,73.38,73.53,73.69,73.84,73.99,74.14,74.29,74.44,74.59,74.74,74.89,75.03,75.18,75.33,75.48,75.62,75.77,75.92,76.06,76.21,76.35,76.5,76.64,76.79,76.94,77.08,77.22,77.37,77.51,77.65,77.8,77.94,78.08,78.23,78.37,78.52,78.67,78.81,78.96,79.11,79.26,79.41,79.56,79.71,79.86,80.01
Nauru,,,,,,,,,,,,,,,,,,,,,,,,,,,,,,,,,,,,,,,,,,,,,,,,,,,,,,,,,,,,,,,,,,,,,,,,,,,,,,,,,
Nepal,71.09,71.64,71.91,72.16,72.4,72.64,72.86,73.07,73.28,73.49,73.7,73.9,74.1,74.3,74.5,74.69,74.88,75.07,75.25,75.44,75.61,75.79,75.97,76.14,76.31,76.48,76.65,76.82,76.99,77.16,77.32,77.48,77.64,77.8,77.95,78.11,78.26,78.41,78.56,78.71,78.86,79.02,79.16,79.31,79.46,79.6,79.75,79.89,80.03,80.17,80.31,80.45,80.59,80.73,80.87,81,81.14,81.28,81.42,81.56,81.7,81.84,81.97,82.11,82.25,82.39,82.52,82.66,82.79,82.93,83.06,83.19,83.32,83.45,83.57,83.7,83.83,83.95,84.07,84.2,84.32
Netherlands,81.04,82.03,82.17,82.31,82.46,82.6,82.75,82.89,83.04,83.18,83.31,83.45,83.58,83.71,83.83,83.96,84.08,84.2,84.31,84.43,84.55,84.66,84.77,84.89,85,85.11,85.22,85.33,85.44,85.55,85.65,85.76,85.87,85.97,86.08,86.19,86.3,86.41,86.51,86.62,86.73,86.83,86.94,87.05,87.15,87.26,87.37,87.47,87.58,87.68,87.79,87.89,88,88.11,88.21,88.32,88.42,88.53,88.63,88.74,88.84,88.95,89.05,89.16,89.26,89.37,89.48,89.58,89.69,89.79,89.9,90.01,90.11,90.21,90.32,90.42,90.53,90.63,90.74,90.84,90.95
New Zealand,81.82,82.07,82.22,82.37,82.52,82.67,82.82,82.96,83.11,83.25,83.39,83.53,83.67,83.8,83.93,84.05,84.18,84.3,84.42,84.54,84.66,84.77,84.89,85.01,85.12,85.24,85.35,85.46,85.58,85.69,85.8,85.91,86.02,86.13,86.24,86.34,86.45,86.56,86.67,86.78,86.89,87,87.11,87.22,87.33,87.44,87.55,87.66,87.77,87.88,87.99,88.1,88.21,88.32,88.43,88.53,88.64,88.75,88.86,88.97,89.08,89.19,89.3,89.41,89.52,89.63,89.74,89.85,89.96,90.07,90.18,90.29,90.4,90.51,90.61,90.73,90.84,90.95,91.06,91.18,91.29
Nicaragua,75.4,75.81,76.03,76.24,76.45,76.66,76.86,77.07,77.27,77.47,77.67,77.86,78.06,78.25,78.44,78.63,78.82,79.01,79.19,79.38,79.56,79.74,79.93,80.11,80.29,80.47,80.65,80.82,81,81.17,81.35,81.52,81.7,81.87,82.04,82.21,82.38,82.55,82.72,82.88,83.05,83.21,83.37,83.52,83.68,83.83,83.98,84.13,84.27,84.41,84.55,84.68,84.82,84.95,85.08,85.21,85.34,85.46,85.59,85.71,85.83,85.96,86.08,86.2,86.32,86.44,86.55,86.67,86.79,86.9,87.02,87.13,87.24,87.35,87.46,87.57,87.68,87.79,87.9,88,88.11
Niger,62.65,63.24,63.58,63.92,64.24,64.57,64.89,65.2,65.51,65.81,66.1,66.38,66.65,66.91,67.16,67.4,67.64,67.87,68.09,68.31,68.52,68.72,68.92,69.12,69.31,69.49,69.67,69.84,70.01,70.18,70.34,70.49,70.65,70.79,70.94,71.08,71.22,71.36,71.5,71.63,71.77,71.9,72.02,72.15,72.27,72.39,72.52,72.64,72.76,72.87,72.99,73.11,73.23,73.35,73.47,73.58,73.7,73.82,73.94,74.06,74.17,74.29,74.41,74.53,74.64,74.76,74.88,74.99,75.11,75.22,75.34,75.45,75.57,75.68,75.8,75.91,76.03,76.15,76.26,76.38,76.5
Nigeria,64.52,65.09,65.45,65.8,66.15,66.5,66.85,67.21,67.56,67.91,68.25,68.59,68.92,69.26,69.58,69.91,70.22,70.54,70.85,71.15,71.45,71.74,72.03,72.32,72.6,72.87,73.14,73.41,73.67,73.92,74.17,74.41,74.65,74.89,75.12,75.35,75.57,75.79,76,76.21,76.42,76.62,76.82,77.01,77.2,77.39,77.58,77.76,77.94,78.12,78.29,78.46,78.63,78.79,78.96,79.12,79.27,79.43,79.58,79.73,79.87,80.02,80.16,80.3,80.44,80.58,80.72,80.86,80.99,81.13,81.26,81.39,81.53,81.65,81.79,81.91,82.04,82.17,82.3,82.42,82.55
Norway,83.21,83.2,83.36,83.51,83.67,83.82,83.96,84.11,84.25,84.38,84.51,84.64,84.77,84.9,85.02,85.14,85.26,85.38,85.49,85.61,85.72,85.84,85.95,86.06,86.18,86.29,86.4,86.52,86.63,86.74,86.85,86.96,87.07,87.18,87.29,87.4,87.51,87.62,87.73,87.84,87.95,88.06,88.17,88.28,88.38,88.49,88.6,88.71,88.81,88.92,89.03,89.14,89.25,89.36,89.47,89.58,89.69,89.8,89.91,90.02,90.12,90.23,90.34,90.44,90.55,90.65,90.76,90.86,90.97,91.08,91.18,91.29,91.4,91.51,91.62,91.72,91.83,91.94,92.05,92.16,92.26
Oman,72.7,74.36,74.56,74.74,74.93,75.12,75.31,75.5,75.69,75.87,76.06,76.24,76.42,76.6,76.78,76.95,77.13,77.3,77.47,77.64,77.8,77.97,78.13,78.3,78.46,78.62,78.77,78.93,79.08,79.22,79.37,79.51,79.65,79.79,79.92,80.05,80.19,80.32,80.44,80.57,80.69,80.81,80.93,81.04,81.16,81.27,81.38,81.49,81.6,81.71,81.82,81.92,82.03,82.13,82.24,82.35,82.45,82.56,82.66,82.76,82.87,82.97,83.07,83.17,83.28,83.38,83.48,83.59,83.69,83.8,83.9,84.01,84.12,84.23,84.34,84.45,84.56,84.67,84.78,84.89,85
Pakistan,65.88,66.16,66.3,66.45,66.59,66.73,66.87,67.01,67.15,67.29,67.42,67.56,67.69,67.82,67.95,68.08,68.21,68.33,68.46,68.58,68.71,68.83,68.95,69.07,69.2,69.32,69.44,69.56,69.68,69.8,69.92,70.04,70.15,70.27,70.39,70.51,70.62,70.74,70.85,70.96,71.08,71.19,71.31,71.42,71.54,71.66,71.78,71.9,72.02,72.14,72.26,72.37,72.49,72.61,72.74,72.86,72.98,73.1,73.23,73.35,73.48,73.6,73.73,73.86,73.99,74.11,74.24,74.37,74.5,74.63,74.76,74.89,75.03,75.16,75.29,75.42,75.56,75.69,75.82,75.96,76.09
Palau,,,,,,,,,,,,,,,,,,,,,,,,,,,,,,,,,,,,,,,,,,,,,,,,,,,,,,,,,,,,,,,,,,,,,,,,,,,,,,,,,
Panama,76.96,80.39,80.56,80.73,80.91,81.08,81.25,81.43,81.6,81.78,81.95,82.12,82.29,82.47,82.64,82.81,82.98,83.15,83.31,83.48,83.65,83.81,83.97,84.13,84.28,84.44,84.59,84.73,84.88,85.02,85.16,85.3,85.43,85.57,85.69,85.82,85.95,86.07,86.19,86.32,86.44,86.56,86.68,86.8,86.92,87.03,87.15,87.27,87.38,87.5,87.61,87.73,87.84,87.96,88.07,88.18,88.3,88.41,88.52,88.64,88.75,88.86,88.97,89.08,89.19,89.3,89.41,89.52,89.63,89.74,89.85,89.96,90.07,90.18,90.29,90.4,90.5,90.61,90.72,90.82,90.93
Papua New Guinea,64.78,65.1,65.3,65.5,65.69,65.88,66.06,66.24,66.42,66.59,66.75,66.92,67.08,67.23,67.38,67.53,67.68,67.82,67.96,68.1,68.24,68.38,68.52,68.65,68.78,68.91,69.04,69.17,69.29,69.41,69.54,69.66,69.78,69.9,70.02,70.15,70.27,70.39,70.5,70.62,70.73,70.84,70.95,71.06,71.17,71.28,71.39,71.5,71.61,71.72,71.83,71.95,72.06,72.17,72.28,72.39,72.5,72.61,72.72,72.82,72.93,73.04,73.15,73.27,73.38,73.49,73.6,73.71,73.83,73.94,74.05,74.17,74.28,74.4,74.51,74.63,74.74,74.86,74.98,75.09,75.21
Paraguay,75.71,76.82,76.92,77.02,77.13,77.23,77.34,77.46,77.57,77.69,77.8,77.92,78.03,78.15,78.26,78.38,78.5,78.61,78.73,78.86,78.98,79.1,79.22,79.35,79.47,79.59,79.71,79.83,79.96,80.08,80.21,80.34,80.47,80.6,80.73,80.86,80.99,81.12,81.25,81.39,81.52,81.65,81.79,81.92,82.06,82.19,82.33,82.47,82.6,82.74,82.87,83.01,83.15,83.29,83.42,83.56,83.7,83.84,83.98,84.11,84.25,84.39,84.52,84.66,84.8,84.94,85.08,85.21,85.35,85.48,85.61,85.74,85.87,86,86.13,86.25,86.38,86.51,86.63,86.76,86.89
Peru,77.38,80.68,80.9,81.11,81.32,81.53,81.74,81.96,82.17,82.38,82.59,82.8,83.01,83.21,83.41,83.61,83.81,84,84.2,84.39,84.59,84.78,84.97,85.16,85.35,85.54,85.73,85.91,86.09,86.28,86.45,86.63,86.8,86.97,87.14,87.3,87.46,87.61,87.77,87.92,88.07,88.21,88.36,88.5,88.64,88.77,88.91,89.04,89.18,89.3,89.43,89.56,89.68,89.81,89.93,90.05,90.17,90.29,90.41,90.53,90.64,90.76,90.88,91,91.11,91.23,91.35,91.46,91.58,91.69,91.81,91.92,92.04,92.15,92.27,92.38,92.49,92.61,92.72,92.83,92.95
Philippines,71.8,72.09,72.22,72.34,72.46,72.59,72.72,72.85,72.98,73.11,73.25,73.38,73.51,73.64,73.78,73.91,74.04,74.17,74.3,74.44,74.57,74.7,74.84,74.97,75.11,75.24,75.38,75.51,75.65,75.79,75.93,76.06,76.2,76.34,76.48,76.61,76.75,76.89,77.03,77.16,77.3,77.44,77.58,77.72,77.86,78,78.15,78.29,78.43,78.58,78.72,78.87,79.01,79.16,79.3,79.45,79.59,79.74,79.88,80.03,80.17,80.32,80.47,80.61,80.76,80.9,81.05,81.2,81.34,81.49,81.63,81.78,81.92,82.07,82.21,82.35,82.49,82.63,82.77,82.91,83.05
Poland,76.7,78.43,78.58,78.74,78.89,79.05,79.21,79.37,79.53,79.7,79.86,80.02,80.18,80.34,80.5,80.66,80.81,80.97,81.12,81.27,81.42,81.56,81.7,81.84,81.97,82.11,82.24,82.37,82.49,82.62,82.74,82.87,82.99,83.11,83.23,83.35,83.47,83.58,83.7,83.82,83.93,84.05,84.16,84.28,84.39,84.51,84.62,84.73,84.84,84.96,85.07,85.18,85.29,85.4,85.51,85.62,85.73,85.84,85.95,86.06,86.17,86.28,86.39,86.49,86.6,86.71,86.82,86.92,87.03,87.14,87.24,87.35,87.46,87.56,87.67,87.78,87.88,87.99,88.1,88.21,88.31
Portugal,80.92,82.08,82.24,82.41,82.56,82.71,82.86,83,83.14,83.28,83.41,83.54,83.67,83.79,83.92,84.04,84.17,84.3,84.42,84.55,84.67,84.8,84.92,85.04,85.16,85.28,85.4,85.52,85.63,85.75,85.87,85.98,86.1,86.21,86.33,86.44,86.56,86.67,86.79,86.9,87.02,87.13,87.24,87.36,87.47,87.58,87.69,87.8,87.91,88.02,88.14,88.25,88.36,88.47,88.58,88.69,88.8,88.91,89.02,89.13,89.25,89.36,89.47,89.58,89.69,89.8,89.91,90.02,90.13,90.24,90.35,90.46,90.58,90.69,90.8,90.91,91.03,91.14,91.26,91.37,91.49
Qatar,76.22,76.55,76.69,76.83,76.97,77.11,77.25,77.39,77.54,77.68,77.83,77.98,78.13,78.28,78.43,78.58,78.73,78.87,79.02,79.16,79.29,79.43,79.55,79.68,79.81,79.93,80.05,80.17,80.29,80.41,80.53,80.65,80.76,80.88,80.99,81.1,81.21,81.31,81.41,81.52,81.62,81.72,81.82,81.92,82.02,82.12,82.22,82.31,82.41,82.51,82.61,82.71,82.81,82.91,83.01,83.12,83.22,83.32,83.43,83.53,83.63,83.73,83.84,83.94,84.04,84.14,84.25,84.35,84.45,84.55,84.66,84.76,84.86,84.97,85.07,85.18,85.28,85.39,85.49,85.6,85.71
Romania,74.12,75.78,75.91,76.04,76.18,76.31,76.45,76.59,76.72,76.86,77,77.14,77.28,77.42,77.55,77.69,77.83,77.97,78.11,78.25,78.39,78.53,78.67,78.82,78.96,79.1,79.25,79.39,79.53,79.68,79.82,79.97,80.11,80.26,80.4,80.54,80.69,80.83,80.98,81.12,81.26,81.4,81.54,81.68,81.82,81.95,82.09,82.22,82.35,82.48,82.61,82.73,82.86,82.98,83.1,83.23,83.35,83.46,83.58,83.69,83.81,83.92,84.03,84.14,84.26,84.37,84.48,84.59,84.7,84.81,84.92,85.02,85.13,85.24,85.34,85.45,85.55,85.65,85.75,85.85,85.95
Russia,71.17,73.26,73.37,73.49,73.6,73.73,73.87,74.01,74.15,74.29,74.44,74.58,74.72,74.87,75.01,75.16,75.3,75.45,75.59,75.74,75.89,76.03,76.18,76.32,76.47,76.62,76.76,76.91,77.06,77.21,77.35,77.5,77.65,77.8,77.95,78.1,78.25,78.4,78.55,78.7,78.85,78.99,79.14,79.29,79.44,79.59,79.74,79.89,80.04,80.19,80.34,80.49,80.64,80.78,80.93,81.07,81.22,81.36,81.5,81.64,81.77,81.91,82.04,82.17,82.3,82.43,82.56,82.68,82.81,82.93,83.06,83.18,83.3,83.42,83.54,83.66,83.77,83.89,84.01,84.12,84.24
Rwanda,68.68,69.24,69.52,69.79,70.06,70.32,70.58,70.83,71.07,71.31,71.54,71.77,71.99,72.21,72.42,72.63,72.84,73.05,73.25,73.45,73.64,73.84,74.03,74.22,74.4,74.59,74.77,74.95,75.12,75.3,75.47,75.64,75.81,75.98,76.15,76.32,76.49,76.65,76.82,76.98,77.14,77.3,77.46,77.61,77.77,77.93,78.08,78.24,78.39,78.55,78.71,78.86,79.02,79.17,79.33,79.48,79.64,79.79,79.94,80.1,80.25,80.4,80.56,80.71,80.86,81.01,81.16,81.31,81.45,81.6,81.74,81.88,82.03,82.17,82.31,82.45,82.58,82.72,82.86,82.99,83.13
St. Kitts and Nevis,,,,,,,,,,,,,,,,,,,,,,,,,,,,,,,,,,,,,,,,,,,,,,,,,,,,,,,,,,,,,,,,,,,,,,,,,,,,,,,,,
St. Lucia,75.21,75.41,75.55,75.67,75.8,75.93,76.06,76.19,76.32,76.45,76.58,76.71,76.84,76.96,77.09,77.22,77.34,77.47,77.6,77.73,77.86,77.98,78.11,78.24,78.36,78.49,78.61,78.74,78.87,78.99,79.12,79.25,79.38,79.51,79.63,79.76,79.89,80.02,80.15,80.27,80.4,80.53,80.66,80.79,80.91,81.04,81.17,81.29,81.42,81.54,81.67,81.79,81.91,82.04,82.16,82.28,82.39,82.51,82.63,82.74,82.86,82.97,83.08,83.19,83.3,83.41,83.52,83.63,83.73,83.84,83.94,84.05,84.15,84.25,84.35,84.45,84.54,84.63,84.73,84.81,84.9
St. Vincent and the Grenadines,73.01,73.2,73.33,73.46,73.59,73.72,73.85,73.98,74.11,74.23,74.36,74.49,74.61,74.74,74.87,75,75.12,75.25,75.38,75.51,75.64,75.77,75.9,76.03,76.16,76.29,76.42,76.54,76.67,76.8,76.93,77.05,77.18,77.3,77.43,77.56,77.68,77.81,77.94,78.07,78.2,78.33,78.47,78.6,78.73,78.86,79,79.13,79.26,79.39,79.52,79.65,79.79,79.92,80.05,80.19,80.32,80.46,80.59,80.73,80.86,81,81.13,81.27,81.4,81.54,81.67,81.81,81.94,82.08,82.21,82.35,82.48,82.61,82.75,82.88,83.01,83.14,83.27,83.4,83.53
Samoa,70.55,70.73,70.85,70.97,71.08,71.2,71.32,71.44,71.57,71.69,71.81,71.94,72.06,72.19,72.31,72.44,72.56,72.69,72.81,72.94,73.06,73.19,73.31,73.44,73.56,73.69,73.82,73.95,74.07,74.2,74.33,74.46,74.59,74.72,74.85,74.98,75.1,75.23,75.36,75.5,75.63,75.76,75.9,76.03,76.16,76.3,76.44,76.57,76.71,76.84,76.98,77.11,77.24,77.38,77.51,77.64,77.77,77.91,78.04,78.17,78.31,78.44,78.58,78.71,78.84,78.97,79.11,79.24,79.37,79.5,79.63,79.76,79.89,80.01,80.14,80.26,80.38,80.5,80.61,80.73,80.85
San Marino,,,,,,,,,,,,,,,,,,,,,,,,,,,,,,,,,,,,,,,,,,,,,,,,,,,,,,,,,,,,,,,,,,,,,,,,,,,,,,,,,
Sao Tome and Principe,70.72,71.32,71.5,71.67,71.85,72.02,72.2,72.38,72.55,72.73,72.9,73.07,73.23,73.4,73.56,73.72,73.88,74.04,74.2,74.36,74.52,74.68,74.84,75,75.15,75.31,75.46,75.62,75.77,75.92,76.07,76.22,76.38,76.53,76.68,76.83,76.99,77.14,77.29,77.45,77.6,77.75,77.9,78.06,78.21,78.36,78.51,78.66,78.81,78.96,79.11,79.26,79.41,79.57,79.72,79.87,80.02,80.17,80.33,80.48,80.63,80.78,80.94,81.09,81.24,81.39,81.54,81.69,81.84,81.99,82.14,82.28,82.43,82.57,82.72,82.86,83,83.15,83.29,83.43,83.57
Saudi Arabia,74.34,74.82,74.98,75.14,75.29,75.43,75.58,75.71,75.85,75.99,76.13,76.27,76.4,76.54,76.69,76.83,76.97,77.12,77.26,77.41,77.56,77.71,77.86,78,78.15,78.3,78.46,78.6,78.75,78.9,79.05,79.2,79.35,79.49,79.64,79.79,79.94,80.08,80.22,80.36,80.5,80.63,80.77,80.9,81.03,81.17,81.3,81.43,81.56,81.69,81.82,81.95,82.08,82.21,82.34,82.47,82.59,82.72,82.84,82.96,83.08,83.19,83.31,83.42,83.54,83.65,83.76,83.87,83.98,84.09,84.2,84.3,84.41,84.51,84.61,84.71,84.8,84.9,84.99,85.09,85.18
Senegal,68.47,69.01,69.28,69.54,69.79,70.04,70.28,70.51,70.74,70.96,71.17,71.37,71.57,71.77,71.96,72.15,72.33,72.52,72.7,72.87,73.05,73.22,73.39,73.55,73.72,73.88,74.04,74.2,74.36,74.51,74.67,74.82,74.97,75.13,75.28,75.43,75.57,75.72,75.86,76.01,76.15,76.3,76.44,76.59,76.74,76.88,77.03,77.18,77.33,77.48,77.62,77.77,77.92,78.06,78.21,78.36,78.51,78.65,78.8,78.95,79.1,79.24,79.39,79.54,79.69,79.83,79.98,80.12,80.27,80.41,80.56,80.7,80.85,80.99,81.14,81.29,81.43,81.58,81.73,81.87,82.02
Serbia,75.15,75.96,76.09,76.22,76.35,76.49,76.63,76.77,76.9,77.04,77.18,77.32,77.45,77.59,77.73,77.87,78,78.14,78.28,78.41,78.55,78.69,78.82,78.96,79.1,79.24,79.38,79.52,79.66,79.8,79.94,80.08,80.21,80.35,80.49,80.63,80.77,80.91,81.05,81.18,81.32,81.46,81.6,81.74,81.88,82.02,82.16,82.29,82.42,82.56,82.69,82.82,82.94,83.07,83.19,83.32,83.44,83.56,83.68,83.8,83.92,84.04,84.15,84.26,84.38,84.49,84.6,84.7,84.81,84.92,85.02,85.13,85.23,85.34,85.44,85.54,85.65,85.75,85.85,85.95,86.05
Seychelles,73.6,73.74,73.84,73.95,74.08,74.21,74.36,74.51,74.68,74.85,75.03,75.21,75.38,75.55,75.7,75.85,75.99,76.12,76.26,76.4,76.53,76.67,76.81,76.95,77.09,77.23,77.37,77.51,77.65,77.79,77.93,78.07,78.22,78.36,78.51,78.65,78.79,78.94,79.08,79.23,79.38,79.53,79.68,79.82,79.97,80.12,80.27,80.42,80.57,80.72,80.86,81.01,81.15,81.3,81.45,81.59,81.74,81.88,82.03,82.17,82.31,82.44,82.58,82.71,82.84,82.97,83.1,83.22,83.34,83.47,83.59,83.71,83.83,83.95,84.07,84.19,84.31,84.42,84.53,84.65,84.76
Sierra Leone,61.94,62.6,63,63.39,63.78,64.17,64.56,64.95,65.34,65.72,66.1,66.47,66.84,67.2,67.56,67.91,68.25,68.58,68.91,69.23,69.54,69.85,70.15,70.44,70.73,71.01,71.29,71.56,71.82,72.08,72.33,72.57,72.81,73.04,73.26,73.48,73.7,73.91,74.11,74.31,74.5,74.69,74.88,75.07,75.25,75.43,75.6,75.77,75.94,76.1,76.25,76.41,76.56,76.71,76.86,77,77.15,77.29,77.44,77.58,77.72,77.86,78,78.13,78.27,78.4,78.53,78.66,78.79,78.91,79.04,79.16,79.28,79.4,79.53,79.65,79.77,79.89,80.02,80.14,80.27
Singapore,84.89,85.14,85.26,85.38,85.51,85.63,85.75,85.87,85.99,86.11,86.23,86.35,86.48,86.6,86.72,86.84,86.96,87.08,87.2,87.32,87.44,87.56,87.68,87.8,87.92,88.04,88.16,88.27,88.39,88.51,88.63,88.75,88.86,88.98,89.1,89.22,89.34,89.46,89.58,89.7,89.82,89.93,90.05,90.17,90.28,90.4,90.51,90.63,90.75,90.86,90.98,91.09,91.21,91.32,91.43,91.55,91.66,91.77,91.89,92,92.12,92.23,92.35,92.46,92.58,92.69,92.8,92.92,93.03,93.15,93.26,93.38,93.49,93.61,93.73,93.84,93.96,94.07,94.19,94.3,94.42
Slovak Republic,76.67,77.85,77.98,78.11,78.24,78.38,78.52,78.66,78.81,78.95,79.09,79.24,79.38,79.53,79.67,79.82,79.97,80.11,80.26,80.4,80.55,80.7,80.84,80.99,81.13,81.27,81.42,81.56,81.7,81.84,81.98,82.12,82.26,82.4,82.54,82.67,82.8,82.93,83.06,83.19,83.31,83.44,83.56,83.68,83.8,83.92,84.03,84.15,84.26,84.38,84.49,84.6,84.72,84.83,84.93,85.04,85.15,85.26,85.36,85.47,85.58,85.68,85.79,85.9,86.01,86.11,86.22,86.32,86.42,86.53,86.63,86.73,86.83,86.93,87.03,87.14,87.24,87.34,87.44,87.54,87.64
Slovenia,80.41,81.71,81.86,82.02,82.17,82.33,82.48,82.64,82.79,82.94,83.08,83.22,83.36,83.49,83.62,83.75,83.88,84,84.12,84.25,84.37,84.49,84.61,84.73,84.85,84.96,85.08,85.2,85.31,85.43,85.55,85.66,85.78,85.9,86.01,86.12,86.24,86.35,86.46,86.57,86.69,86.8,86.91,87.02,87.13,87.25,87.36,87.47,87.59,87.7,87.81,87.93,88.04,88.15,88.26,88.37,88.49,88.6,88.71,88.82,88.93,89.04,89.15,89.26,89.38,89.49,89.6,89.71,89.82,89.93,90.04,90.15,90.26,90.38,90.49,90.6,90.71,90.82,90.93,91.04,91.15
Solomon Islands,59.24,59.41,59.49,59.58,59.67,59.76,59.86,59.96,60.07,60.17,60.27,60.38,60.48,60.58,60.69,60.79,60.89,60.99,61.09,61.19,61.29,61.39,61.49,61.59,61.69,61.8,61.9,62,62.11,62.21,62.31,62.42,62.52,62.63,62.73,62.83,62.94,63.04,63.15,63.25,63.36,63.46,63.57,63.67,63.78,63.89,63.99,64.1,64.21,64.32,64.43,64.54,64.65,64.75,64.86,64.97,65.08,65.19,65.3,65.42,65.53,65.64,65.75,65.86,65.97,66.08,66.19,66.3,66.41,66.52,66.63,66.74,66.85,66.95,67.06,67.17,67.28,67.38,67.49,67.59,67.7
Somalia,58.63,59.11,59.38,59.64,59.91,60.17,60.44,60.71,60.97,61.23,61.49,61.75,62.01,62.26,62.51,62.75,62.99,63.23,63.46,63.69,63.91,64.13,64.35,64.56,64.77,64.97,65.17,65.37,65.56,65.76,65.95,66.14,66.33,66.51,66.69,66.87,67.04,67.21,67.38,67.55,67.71,67.87,68.03,68.18,68.34,68.49,68.64,68.79,68.93,69.08,69.22,69.37,69.51,69.65,69.79,69.92,70.05,70.19,70.32,70.45,70.58,70.7,70.83,70.96,71.08,71.21,71.33,71.46,71.58,71.7,71.82,71.94,72.06,72.18,72.29,72.41,72.52,72.64,72.75,72.87,72.98
South Africa,64.33,65.63,65.86,66.07,66.28,66.5,66.71,66.93,67.14,67.34,67.54,67.74,67.93,68.11,68.3,68.48,68.65,68.83,69,69.16,69.33,69.49,69.65,69.81,69.97,70.12,70.27,70.42,70.57,70.72,70.86,71,71.14,71.28,71.42,71.55,71.69,71.83,71.96,72.1,72.23,72.37,72.5,72.64,72.77,72.91,73.05,73.18,73.32,73.45,73.59,73.72,73.86,73.99,74.12,74.26,74.39,74.53,74.66,74.79,74.93,75.06,75.19,75.32,75.46,75.59,75.72,75.86,75.99,76.13,76.26,76.4,76.54,76.68,76.82,76.96,77.11,77.25,77.4,77.54,77.69
South Sudan,63.87,64.3,64.58,64.87,65.15,65.43,65.7,65.97,66.24,66.5,66.76,67.01,67.27,67.51,67.76,67.99,68.23,68.46,68.69,68.91,69.13,69.34,69.56,69.76,69.97,70.17,70.36,70.55,70.75,70.93,71.12,71.3,71.49,71.67,71.84,72.02,72.19,72.36,72.53,72.69,72.85,73.01,73.17,73.32,73.48,73.63,73.78,73.93,74.08,74.22,74.37,74.51,74.65,74.79,74.93,75.07,75.21,75.34,75.48,75.61,75.74,75.87,76,76.12,76.25,76.37,76.5,76.62,76.74,76.87,76.99,77.11,77.23,77.35,77.47,77.59,77.71,77.83,77.95,78.07,78.19
Spain,81.49,83.34,83.46,83.59,83.71,83.83,83.96,84.08,84.21,84.33,84.46,84.58,84.7,84.82,84.93,85.05,85.17,85.28,85.4,85.52,85.64,85.75,85.87,85.99,86.1,86.22,86.33,86.45,86.56,86.68,86.79,86.9,87.02,87.13,87.24,87.36,87.47,87.58,87.69,87.81,87.92,88.03,88.14,88.25,88.36,88.48,88.59,88.7,88.81,88.92,89.03,89.14,89.25,89.36,89.47,89.58,89.69,89.8,89.91,90.02,90.13,90.24,90.35,90.46,90.57,90.68,90.79,90.9,91,91.11,91.22,91.33,91.44,91.55,91.66,91.77,91.88,91.99,92.11,92.22,92.34
Sri Lanka,77.31,77.64,77.8,77.97,78.14,78.31,78.47,78.64,78.81,78.98,79.14,79.31,79.47,79.64,79.8,79.97,80.13,80.29,80.46,80.62,80.78,80.95,81.11,81.27,81.43,81.59,81.75,81.91,82.07,82.22,82.38,82.54,82.69,82.85,83,83.15,83.29,83.43,83.57,83.71,83.85,83.98,84.11,84.24,84.37,84.5,84.62,84.74,84.86,84.98,85.1,85.22,85.33,85.45,85.56,85.68,85.79,85.91,86.02,86.13,86.24,86.35,86.46,86.58,86.68,86.79,86.9,87.01,87.12,87.23,87.33,87.44,87.55,87.65,87.76,87.87,87.98,88.08,88.19,88.3,88.41
Sudan,70.55,70.97,71.21,71.45,71.69,71.92,72.15,72.37,72.6,72.81,73.03,73.24,73.44,73.65,73.84,74.04,74.23,74.43,74.61,74.8,74.98,75.16,75.34,75.52,75.69,75.86,76.03,76.19,76.36,76.52,76.68,76.84,77,77.16,77.31,77.46,77.61,77.76,77.91,78.06,78.21,78.36,78.5,78.65,78.8,78.95,79.09,79.24,79.38,79.53,79.67,79.81,79.96,80.1,80.25,80.39,80.54,80.69,80.83,80.98,81.12,81.27,81.42,81.56,81.71,81.86,82.01,82.15,82.3,82.45,82.6,82.75,82.89,83.04,83.19,83.34,83.49,83.64,83.8,83.95,84.1
Suriname,72.4,72.96,73.09,73.22,73.35,73.49,73.62,73.75,73.88,74.01,74.14,74.27,74.4,74.53,74.66,74.79,74.92,75.05,75.19,75.32,75.45,75.58,75.72,75.85,75.98,76.12,76.25,76.39,76.53,76.66,76.8,76.94,77.08,77.21,77.35,77.48,77.61,77.75,77.89,78.03,78.17,78.31,78.45,78.59,78.73,78.87,79.01,79.14,79.28,79.42,79.57,79.71,79.85,79.99,80.13,80.27,80.42,80.56,80.7,80.84,80.98,81.13,81.27,81.41,81.56,81.7,81.84,81.98,82.13,82.27,82.42,82.56,82.7,82.85,82.99,83.13,83.27,83.41,83.55,83.68,83.82
Swaziland,57.98,59.08,59.28,59.46,59.65,59.89,60.16,60.45,60.73,61.01,61.27,61.53,61.79,62.03,62.28,62.51,62.74,62.97,63.19,63.4,63.61,63.82,64.02,64.21,64.4,64.59,64.78,64.95,65.13,65.3,65.47,65.63,65.79,65.95,66.1,66.25,66.4,66.54,66.68,66.82,66.95,67.08,67.21,67.34,67.47,67.59,67.72,67.84,67.96,68.08,68.21,68.33,68.45,68.57,68.69,68.81,68.93,69.05,69.17,69.3,69.42,69.54,69.66,69.79,69.91,70.03,70.15,70.28,70.4,70.52,70.64,70.76,70.88,70.99,71.11,71.23,71.35,71.47,71.59,71.71,71.83
Sweden,82.03,83.13,83.28,83.44,83.59,83.73,83.88,84.01,84.15,84.28,84.41,84.54,84.66,84.78,84.9,85.02,85.14,85.25,85.37,85.48,85.6,85.71,85.82,85.94,86.05,86.16,86.27,86.39,86.5,86.61,86.72,86.83,86.94,87.05,87.16,87.27,87.38,87.49,87.6,87.71,87.82,87.93,88.04,88.15,88.26,88.37,88.48,88.59,88.7,88.81,88.92,89.03,89.14,89.24,89.35,89.46,89.57,89.67,89.78,89.89,89.99,90.1,90.21,90.32,90.43,90.54,90.65,90.75,90.86,90.97,91.08,91.19,91.29,91.4,91.51,91.61,91.72,91.82,91.93,92.04,92.14
Switzerland,83.18,84.26,84.39,84.52,84.64,84.77,84.89,85.01,85.13,85.25,85.37,85.49,85.6,85.72,85.84,85.96,86.08,86.19,86.31,86.42,86.54,86.65,86.77,86.88,87,87.11,87.23,87.34,87.46,87.57,87.68,87.8,87.91,88.03,88.14,88.26,88.37,88.49,88.6,88.72,88.83,88.94,89.05,89.16,89.27,89.39,89.5,89.61,89.72,89.83,89.95,90.06,90.17,90.28,90.39,90.5,90.61,90.72,90.83,90.94,91.05,91.16,91.27,91.38,91.49,91.61,91.72,91.83,91.94,92.05,92.16,92.27,92.38,92.49,92.6,92.71,92.82,92.93,93.04,93.15,93.27
Syria,74.37,75.79,76.65,77.41,78.02,78.49,78.82,79.07,79.26,79.43,79.58,79.72,79.86,79.99,80.13,80.27,80.42,80.57,80.72,80.87,81.02,81.17,81.31,81.45,81.59,81.72,81.85,81.97,82.1,82.22,82.34,82.46,82.59,82.71,82.83,82.95,83.08,83.2,83.32,83.44,83.56,83.67,83.79,83.9,84.01,84.12,84.23,84.35,84.46,84.57,84.68,84.79,84.9,85.01,85.12,85.23,85.34,85.45,85.55,85.66,85.76,85.87,85.98,86.08,86.19,86.3,86.4,86.51,86.61,86.72,86.82,86.93,87.03,87.13,87.24,87.35,87.45,87.56,87.67,87.78,87.89
Taiwan,80.37,80.64,80.81,80.97,81.14,81.31,81.47,81.64,81.8,81.97,82.13,82.29,82.46,82.61,82.77,82.92,83.07,83.21,83.35,83.49,83.63,83.76,83.89,84.02,84.14,84.27,84.39,84.51,84.63,84.76,84.88,84.99,85.11,85.23,85.35,85.46,85.58,85.7,85.81,85.93,86.04,86.15,86.27,86.38,86.49,86.6,86.71,86.82,86.93,87.04,87.15,87.26,87.38,87.49,87.6,87.71,87.82,87.93,88.04,88.15,88.26,88.37,88.48,88.6,88.71,88.82,88.93,89.04,89.15,89.26,89.37,89.47,89.58,89.69,89.8,89.91,90.02,90.13,90.25,90.36,90.47
Tajikistan,69.63,69.96,70.14,70.32,70.5,70.68,70.85,71.03,71.2,71.37,71.54,71.71,71.87,72.03,72.2,72.36,72.51,72.67,72.82,72.98,73.13,73.28,73.43,73.57,73.72,73.86,74.01,74.15,74.3,74.44,74.58,74.72,74.86,75,75.14,75.28,75.42,75.56,75.7,75.84,75.98,76.11,76.25,76.39,76.53,76.67,76.8,76.94,77.07,77.21,77.34,77.48,77.61,77.75,77.88,78.02,78.15,78.28,78.42,78.55,78.68,78.82,78.95,79.08,79.21,79.35,79.48,79.61,79.74,79.87,79.99,80.12,80.25,80.38,80.5,80.63,80.76,80.88,81.01,81.14,81.26
Tanzania,67.25,67.87,68.13,68.38,68.64,68.9,69.17,69.44,69.71,69.98,70.23,70.48,70.73,70.97,71.2,71.42,71.65,71.86,72.07,72.28,72.48,72.68,72.87,73.06,73.25,73.44,73.62,73.8,73.98,74.16,74.33,74.5,74.67,74.84,75,75.17,75.33,75.49,75.65,75.81,75.97,76.13,76.29,76.44,76.59,76.75,76.9,77.05,77.2,77.35,77.51,77.66,77.81,77.96,78.11,78.26,78.41,78.55,78.7,78.85,79,79.15,79.3,79.45,79.6,79.75,79.9,80.05,80.2,80.35,80.49,80.64,80.79,80.94,81.08,81.24,81.39,81.54,81.69,81.85,82
Thailand,78.45,78.8,78.97,79.13,79.3,79.48,79.66,79.84,80.02,80.2,80.38,80.56,80.74,80.91,81.09,81.27,81.44,81.62,81.79,81.97,82.14,82.32,82.49,82.66,82.83,83,83.16,83.33,83.49,83.64,83.8,83.95,84.1,84.24,84.39,84.53,84.67,84.8,84.94,85.07,85.21,85.34,85.46,85.59,85.72,85.84,85.96,86.08,86.2,86.32,86.44,86.56,86.68,86.8,86.92,87.03,87.15,87.26,87.37,87.49,87.6,87.71,87.82,87.93,88.04,88.16,88.27,88.38,88.49,88.6,88.71,88.82,88.93,89.04,89.15,89.26,89.37,89.48,89.6,89.71,89.82
Timor-Leste,70.72,71.03,71.23,71.42,71.6,71.79,71.97,72.15,72.32,72.49,72.66,72.82,72.98,73.14,73.29,73.45,73.6,73.75,73.89,74.04,74.19,74.33,74.48,74.62,74.77,74.91,75.05,75.19,75.33,75.47,75.6,75.74,75.88,76.01,76.15,76.29,76.42,76.56,76.7,76.83,76.97,77.1,77.24,77.37,77.51,77.64,77.77,77.91,78.04,78.18,78.31,78.45,78.59,78.72,78.86,78.99,79.13,79.26,79.4,79.54,79.67,79.81,79.94,80.08,80.21,80.35,80.49,80.62,80.76,80.9,81.04,81.17,81.31,81.45,81.58,81.72,81.86,82,82.13,82.27,82.41
Togo,65.16,65.68,66.01,66.33,66.65,66.94,67.23,67.51,67.78,68.04,68.29,68.54,68.78,69.01,69.23,69.45,69.67,69.88,70.08,70.28,70.47,70.66,70.85,71.03,71.21,71.39,71.56,71.73,71.9,72.07,72.23,72.39,72.55,72.7,72.86,73.01,73.16,73.31,73.46,73.61,73.75,73.9,74.05,74.19,74.33,74.48,74.62,74.75,74.89,75.03,75.17,75.31,75.44,75.58,75.71,75.84,75.97,76.1,76.23,76.36,76.49,76.62,76.75,76.88,77.01,77.14,77.27,77.4,77.53,77.66,77.79,77.92,78.05,78.18,78.31,78.45,78.58,78.72,78.86,78.99,79.13
Tonga,73.03,73.21,73.33,73.45,73.57,73.68,73.8,73.91,74.03,74.14,74.26,74.37,74.49,74.6,74.71,74.83,74.94,75.06,75.17,75.29,75.4,75.52,75.63,75.74,75.86,75.97,76.08,76.19,76.3,76.41,76.52,76.63,76.74,76.85,76.96,77.08,77.19,77.3,77.41,77.53,77.64,77.76,77.87,77.99,78.1,78.22,78.34,78.46,78.58,78.7,78.81,78.93,79.05,79.18,79.3,79.42,79.55,79.67,79.8,79.93,80.06,80.19,80.32,80.45,80.58,80.71,80.84,80.97,81.1,81.23,81.37,81.5,81.64,81.77,81.91,82.04,82.18,82.31,82.45,82.58,82.72
Trinidad and Tobago,74.82,75.12,75.24,75.36,75.48,75.6,75.73,75.86,75.98,76.11,76.24,76.37,76.5,76.62,76.75,76.88,77.01,77.14,77.27,77.4,77.53,77.66,77.79,77.92,78.05,78.18,78.32,78.45,78.58,78.71,78.85,78.98,79.12,79.25,79.38,79.52,79.65,79.79,79.93,80.06,80.2,80.34,80.47,80.61,80.75,80.89,81.02,81.16,81.3,81.44,81.58,81.72,81.86,82,82.14,82.28,82.42,82.57,82.71,82.85,82.99,83.13,83.27,83.4,83.54,83.68,83.81,83.95,84.09,84.22,84.35,84.49,84.62,84.75,84.88,85.01,85.13,85.26,85.38,85.51,85.63
Tunisia,76.97,78.1,78.29,78.48,78.67,78.85,79.03,79.22,79.4,79.57,79.75,79.92,80.09,80.26,80.43,80.6,80.76,80.93,81.09,81.26,81.42,81.59,81.75,81.91,82.07,82.23,82.39,82.55,82.7,82.86,83.01,83.17,83.32,83.47,83.62,83.77,83.92,84.07,84.21,84.35,84.49,84.63,84.77,84.9,85.03,85.16,85.28,85.41,85.53,85.65,85.77,85.89,86,86.12,86.23,86.34,86.45,86.55,86.66,86.76,86.86,86.97,87.07,87.17,87.27,87.38,87.48,87.58,87.68,87.78,87.88,87.98,88.09,88.19,88.3,88.4,88.51,88.61,88.72,88.82,88.93
Turkey,77.79,78.86,79.08,79.3,79.51,79.73,79.95,80.16,80.38,80.59,80.8,81.01,81.22,81.42,81.62,81.82,82.02,82.22,82.41,82.6,82.79,82.98,83.16,83.34,83.52,83.69,83.86,84.02,84.19,84.34,84.5,84.65,84.8,84.94,85.09,85.23,85.37,85.51,85.64,85.77,85.9,86.03,86.16,86.29,86.42,86.54,86.66,86.79,86.91,87.03,87.14,87.26,87.38,87.5,87.61,87.73,87.84,87.96,88.07,88.19,88.3,88.41,88.53,88.64,88.76,88.87,88.98,89.1,89.21,89.33,89.44,89.55,89.67,89.78,89.89,90,90.11,90.22,90.33,90.44,90.54
Turkmenistan,70.88,71.07,71.2,71.33,71.46,71.59,71.71,71.84,71.97,72.09,72.22,72.34,72.46,72.58,72.7,72.82,72.94,73.06,73.18,73.3,73.42,73.54,73.66,73.78,73.9,74.02,74.14,74.26,74.38,74.5,74.63,74.75,74.87,75,75.12,75.24,75.37,75.49,75.62,75.74,75.87,76,76.13,76.25,76.38,76.51,76.64,76.77,76.91,77.04,77.17,77.3,77.43,77.57,77.7,77.83,77.97,78.1,78.24,78.37,78.5,78.64,78.78,78.91,79.05,79.19,79.33,79.47,79.61,79.76,79.9,80.04,80.18,80.32,80.46,80.6,80.74,80.89,81.03,81.17,81.32
Tuvalu,,,,,,,,,,,,,,,,,,,,,,,,,,,,,,,,,,,,,,,,,,,,,,,,,,,,,,,,,,,,,,,,,,,,,,,,,,,,,,,,,
Uganda,66.42,66.91,67.21,67.5,67.78,68.08,68.37,68.67,68.96,69.24,69.52,69.79,70.06,70.32,70.57,70.82,71.06,71.3,71.53,71.76,71.98,72.2,72.41,72.62,72.82,73.02,73.22,73.41,73.6,73.78,73.97,74.15,74.33,74.51,74.68,74.86,75.03,75.19,75.36,75.52,75.68,75.84,76,76.16,76.31,76.47,76.63,76.78,76.94,77.09,77.25,77.4,77.56,77.71,77.86,78.01,78.16,78.32,78.47,78.62,78.77,78.92,79.07,79.22,79.37,79.52,79.67,79.82,79.97,80.12,80.27,80.42,80.57,80.72,80.87,81.02,81.17,81.32,81.47,81.63,81.78
Ukraine,73.21,74.09,74.23,74.36,74.5,74.64,74.78,74.92,75.06,75.2,75.34,75.47,75.61,75.75,75.89,76.02,76.16,76.3,76.44,76.58,76.72,76.86,77,77.14,77.28,77.42,77.56,77.7,77.84,77.99,78.13,78.28,78.42,78.56,78.71,78.85,79,79.14,79.28,79.43,79.57,79.72,79.86,80.01,80.16,80.3,80.45,80.6,80.75,80.89,81.04,81.19,81.33,81.48,81.63,81.78,81.93,82.07,82.22,82.37,82.51,82.65,82.8,82.94,83.08,83.22,83.35,83.49,83.63,83.76,83.89,84.02,84.15,84.27,84.4,84.52,84.65,84.77,84.89,85.01,85.13
United Arab Emirates,73.95,74.17,74.31,74.44,74.57,74.7,74.83,74.96,75.1,75.23,75.36,75.49,75.63,75.76,75.89,76.02,76.16,76.29,76.43,76.56,76.69,76.83,76.96,77.09,77.22,77.34,77.47,77.6,77.73,77.86,77.98,78.11,78.23,78.36,78.48,78.6,78.73,78.85,78.97,79.09,79.21,79.32,79.44,79.55,79.67,79.78,79.89,80,80.11,80.22,80.33,80.44,80.55,80.65,80.75,80.86,80.96,81.05,81.15,81.25,81.35,81.44,81.54,81.64,81.74,81.83,81.93,82.03,82.13,82.22,82.32,82.41,82.51,82.6,82.7,82.8,82.89,82.99,83.08,83.18,83.28
United Kingdom,79.41,81.3,81.43,81.57,81.72,81.86,82.02,82.17,82.34,82.5,82.67,82.84,83,83.16,83.31,83.45,83.59,83.73,83.86,83.98,84.11,84.23,84.36,84.48,84.59,84.71,84.82,84.94,85.05,85.16,85.27,85.38,85.49,85.6,85.71,85.82,85.93,86.03,86.13,86.24,86.34,86.44,86.55,86.65,86.76,86.87,86.97,87.08,87.19,87.3,87.4,87.51,87.61,87.72,87.82,87.93,88.03,88.13,88.24,88.34,88.44,88.55,88.65,88.75,88.86,88.97,89.07,89.18,89.28,89.39,89.49,89.59,89.7,89.8,89.9,90.01,90.11,90.22,90.32,90.43,90.53
United States,76.99,79.04,79.12,79.22,79.34,79.48,79.64,79.82,80.03,80.24,80.47,80.69,80.9,81.1,81.27,81.43,81.58,81.72,81.85,81.99,82.13,82.27,82.42,82.56,82.7,82.84,82.98,83.12,83.25,83.39,83.52,83.65,83.78,83.9,84.02,84.15,84.27,84.39,84.5,84.62,84.74,84.85,84.96,85.08,85.19,85.3,85.41,85.52,85.63,85.74,85.84,85.95,86.05,86.16,86.26,86.36,86.47,86.57,86.67,86.77,86.87,86.98,87.08,87.18,87.28,87.39,87.49,87.59,87.69,87.79,87.9,88,88.1,88.2,88.31,88.41,88.51,88.61,88.71,88.81,88.91
Uruguay,77.35,77.82,77.96,78.11,78.26,78.41,78.56,78.7,78.85,79,79.15,79.3,79.45,79.6,79.75,79.9,80.05,80.2,80.35,80.5,80.65,80.8,80.95,81.1,81.25,81.39,81.54,81.68,81.82,81.96,82.09,82.23,82.36,82.49,82.62,82.74,82.87,82.99,83.11,83.23,83.35,83.47,83.59,83.7,83.82,83.94,84.05,84.17,84.28,84.39,84.51,84.62,84.73,84.84,84.95,85.06,85.17,85.28,85.39,85.5,85.61,85.72,85.83,85.94,86.04,86.15,86.26,86.37,86.48,86.58,86.69,86.8,86.91,87.01,87.12,87.23,87.34,87.45,87.56,87.66,87.77
Uzbekistan,68.37,68.65,68.74,68.82,68.9,68.99,69.09,69.19,69.28,69.38,69.48,69.58,69.68,69.78,69.88,69.98,70.08,70.19,70.29,70.39,70.5,70.6,70.71,70.81,70.91,71.02,71.12,71.23,71.33,71.44,71.55,71.65,71.76,71.87,71.98,72.09,72.21,72.32,72.43,72.54,72.65,72.76,72.87,72.98,73.09,73.21,73.32,73.44,73.56,73.67,73.79,73.91,74.03,74.15,74.27,74.39,74.51,74.63,74.74,74.86,74.98,75.11,75.23,75.35,75.47,75.59,75.72,75.84,75.97,76.1,76.23,76.35,76.48,76.61,76.73,76.86,76.98,77.1,77.23,77.35,77.47
Vanuatu,65.51,65.73,65.86,66,66.13,66.26,66.39,66.51,66.64,66.76,66.88,66.99,67.11,67.23,67.35,67.47,67.58,67.7,67.82,67.94,68.05,68.17,68.28,68.4,68.51,68.62,68.73,68.85,68.96,69.07,69.19,69.3,69.42,69.53,69.65,69.76,69.88,69.99,70.1,70.22,70.33,70.44,70.56,70.67,70.78,70.89,71,71.11,71.23,71.34,71.45,71.57,71.68,71.8,71.91,72.03,72.15,72.26,72.38,72.5,72.62,72.73,72.85,72.98,73.1,73.22,73.34,73.46,73.59,73.71,73.83,73.96,74.08,74.2,74.33,74.45,74.57,74.69,74.81,74.93,75.06
Venezuela,75.1,75.13,75.28,75.47,75.71,75.97,76.24,76.5,76.74,76.95,77.13,77.28,77.43,77.57,77.71,77.86,78.01,78.16,78.31,78.46,78.61,78.77,78.92,79.07,79.23,79.38,79.53,79.68,79.84,79.99,80.14,80.28,80.43,80.58,80.73,80.88,81.03,81.18,81.33,81.48,81.63,81.78,81.93,82.08,82.23,82.39,82.54,82.69,82.84,82.99,83.14,83.29,83.44,83.59,83.74,83.89,84.04,84.18,84.33,84.48,84.62,84.77,84.91,85.06,85.2,85.34,85.48,85.62,85.75,85.89,86.03,86.16,86.29,86.42,86.55,86.67,86.8,86.92,87.04,87.16,87.28
Vietnam,74.51,74.66,74.76,74.88,75,75.13,75.28,75.43,75.58,75.75,75.92,76.08,76.25,76.4,76.55,76.7,76.84,76.97,77.11,77.24,77.38,77.52,77.67,77.81,77.95,78.09,78.24,78.38,78.52,78.67,78.81,78.96,79.1,79.25,79.39,79.54,79.68,79.83,79.97,80.11,80.26,80.4,80.54,80.68,80.82,80.95,81.09,81.22,81.35,81.48,81.61,81.73,81.86,81.98,82.11,82.23,82.35,82.47,82.58,82.7,82.82,82.93,83.05,83.16,83.27,83.39,83.5,83.61,83.72,83.83,83.94,84.05,84.16,84.26,84.37,84.48,84.58,84.69,84.79,84.9,85
Palestine,73.64,75.13,75.29,75.46,75.62,75.78,75.94,76.09,76.25,76.4,76.56,76.71,76.86,77.01,77.15,77.3,77.45,77.59,77.74,77.88,78.03,78.17,78.32,78.46,78.6,78.75,78.89,79.04,79.18,79.32,79.46,79.61,79.75,79.89,80.03,80.17,80.31,80.46,80.6,80.74,80.88,81.02,81.16,81.3,81.44,81.58,81.72,81.86,82,82.14,82.28,82.42,82.56,82.7,82.84,82.97,83.11,83.25,83.38,83.51,83.64,83.77,83.9,84.03,84.16,84.29,84.42,84.54,84.67,84.79,84.91,85.03,85.14,85.26,85.37,85.49,85.59,85.7,85.81,85.91,86.02
Yemen,67.76,67.89,67.99,68.11,68.25,68.4,68.57,68.77,68.98,69.21,69.44,69.66,69.87,70.06,70.23,70.38,70.52,70.64,70.76,70.88,71,71.12,71.25,71.37,71.49,71.61,71.73,71.85,71.96,72.08,72.2,72.31,72.43,72.54,72.65,72.76,72.87,72.98,73.09,73.21,73.32,73.43,73.54,73.65,73.77,73.88,73.99,74.1,74.21,74.33,74.44,74.55,74.67,74.78,74.89,75.01,75.12,75.24,75.35,75.46,75.58,75.7,75.81,75.93,76.05,76.17,76.29,76.41,76.53,76.65,76.77,76.9,77.02,77.14,77.27,77.39,77.51,77.63,77.76,77.88,78
Zambia,63.08,63.75,63.98,64.2,64.42,64.66,64.91,65.16,65.4,65.64,65.88,66.11,66.33,66.55,66.77,66.98,67.19,67.4,67.6,67.79,67.98,68.17,68.36,68.54,68.72,68.9,69.07,69.25,69.42,69.58,69.75,69.91,70.08,70.23,70.39,70.55,70.7,70.85,71,71.16,71.31,71.46,71.61,71.76,71.91,72.06,72.21,72.35,72.5,72.65,72.79,72.94,73.08,73.23,73.37,73.51,73.66,73.8,73.94,74.09,74.23,74.37,74.52,74.66,74.8,74.95,75.09,75.24,75.38,75.53,75.67,75.82,75.96,76.1,76.25,76.39,76.53,76.67,76.81,76.95,77.09
Zimbabwe,60.69,61.51,61.72,61.92,62.12,62.35,62.59,62.84,63.08,63.33,63.57,63.8,64.03,64.26,64.48,64.7,64.91,65.12,65.33,65.54,65.74,65.94,66.13,66.33,66.52,66.71,66.89,67.07,67.25,67.43,67.6,67.77,67.94,68.1,68.26,68.42,68.57,68.73,68.88,69.03,69.18,69.33,69.47,69.61,69.75,69.89,70.03,70.16,70.3,70.43,70.57,70.7,70.83,70.97,71.1,71.23,71.36,71.49,71.62,71.75,71.88,72,72.13,72.25,72.38,72.5,72.63,72.75,72.88,73,73.13,73.26,73.39,73.52,73.65,73.78,73.91,74.04,74.17,74.3,74.43
